team,player,period,min,sec,pass zone,x,y,x_end,y_end,pass length,pass angle,outcome
Real Madrid,Karim Benzema,1,0,1,Back,50.4,49.7,37.6,59.2,14.9,2.7,1
Real Madrid,Toni Kroos,1,0,2,Back,38.9,57.1,38.0,45.8,7.7,4.6,1
Real Madrid,Luka Modric,1,0,5,Back,32.9,36.9,30.4,53.0,11.3,1.8,1
Real Madrid,Casemiro,1,0,6,Back,30.4,53.0,20.7,37.1,14.9,4.0,1
Real Madrid,Raphael Varane,1,0,7,Back,20.7,37.1,22.2,7.1,20.5,4.8,1
Real Madrid,Daniel Carvajal,1,0,9,Back,22.5,12.6,8.8,24.4,16.5,2.6,1
Real Madrid,Raphael Varane,1,0,12,Back,8.4,31.3,3.3,54.9,16.9,1.9,1
Real Madrid,Thibaut Courtois,1,0,15,Back,6.9,54.6,4.3,27.3,18.8,4.6,1
Real Madrid,Raphael Varane,1,0,18,Back,4.3,19.7,10.0,2.9,12.9,5.2,1
Real Madrid,Daniel Carvajal,1,0,19,Back,11.2,4.4,8.4,19.2,10.5,1.9,1
Real Madrid,Raphael Varane,1,0,23,Back,14.2,25.3,22.0,81.5,39.1,1.4,1
Real Madrid,Sergio Ramos,1,0,26,Back,28.9,87.4,38.5,98.6,12.6,0.6,1
Real Madrid,Marcelo,1,0,29,Back,39.2,95.6,39.1,88.6,4.8,4.7,1
Real Madrid,Toni Kroos,1,0,31,Center,38.2,82.6,50.5,46.0,28.0,5.2,1
Real Madrid,Luka Modric,1,0,34,Right,53.2,45.4,79.9,12.8,35.7,5.6,1
Real Madrid,Gareth Bale,1,0,39,Center,85.8,24.9,91.7,55.4,21.6,1.3,0
Leganés,Iván Cuéllar,1,1,17,Left,10.7,53.6,61.1,85.0,57.1,0.4,0
Real Madrid,Casemiro,1,1,20,Center,41.0,15.8,68.5,24.0,29.4,0.2,0
Leganés,Dimitrios Siovas,1,1,22,Back,31.6,86.2,36.9,91.2,6.5,0.5,1
Real Madrid,Karim Benzema,1,1,25,Right,67.8,22.5,79.3,6.8,16.1,5.6,1
Real Madrid,Gareth Bale,1,1,27,Right,77.6,5.5,67.7,15.5,12.4,2.6,1
Leganés,Jonathan Silva,1,1,32,Back,28.1,93.5,48.4,91.2,21.4,6.2,0
Real Madrid,Raphael Varane,1,1,33,Right,50.5,9.8,64.2,3.4,15.0,6.0,1
Real Madrid,Gareth Bale,1,1,34,Right,64.4,3.1,57.0,11.3,9.6,2.5,0
Leganés,Nabil El Zhar,1,1,36,Left,43.9,92.0,55.6,81.1,14.3,5.7,1
Leganés,Michael Santos,1,1,36,Back,56.3,80.8,46.0,76.1,11.3,3.4,1
Leganés,Rubén Pérez,1,1,37,Left,43.4,77.9,96.0,100.0,57.5,0.3,0
Real Madrid,Daniel Carvajal,1,1,52,Back,6.0,0.0,9.3,63.1,44.2,1.5,1
Real Madrid,Sergio Ramos,1,1,56,Back,9.3,63.1,22.3,88.0,21.7,0.9,1
Real Madrid,Marcelo,1,1,59,Back,27.4,87.4,39.0,76.9,14.1,5.8,1
Real Madrid,Toni Kroos,1,2,0,Back,39.2,76.9,32.7,89.3,10.8,2.3,1
Real Madrid,Marcelo,1,2,2,Back,32.7,89.1,29.6,75.9,9.5,4.4,1
Real Madrid,Sergio Ramos,1,2,4,Back,29.9,70.0,32.8,15.2,37.4,4.8,1
Real Madrid,Daniel Carvajal,1,2,8,Right,39.4,8.9,52.2,4.4,13.8,6.1,1
Real Madrid,Gareth Bale,1,2,10,Back,47.9,3.1,45.4,33.1,20.6,1.7,1
Real Madrid,Casemiro,1,2,13,Back,40.9,32.2,37.6,75.0,29.3,1.7,1
Real Madrid,Sergio Ramos,1,2,16,Left,37.6,75.0,53.7,96.8,22.5,0.7,1
Real Madrid,Marco Asensio,1,2,19,Left,55.1,94.1,57.9,98.3,4.1,0.8,1
Real Madrid,Marcelo,1,2,21,Left,58.4,98.4,54.3,97.7,4.3,3.3,1
Real Madrid,Marco Asensio,1,2,23,Back,53.8,90.0,39.1,44.9,34.3,4.2,1
Real Madrid,Raphael Varane,1,2,27,Right,38.9,38.8,53.3,6.4,26.7,5.3,1
Real Madrid,Daniel Carvajal,1,2,29,Right,54.4,4.9,65.1,3.2,11.3,6.2,1
Real Madrid,Gareth Bale,1,2,31,Right,65.4,3.4,82.5,4.9,18.0,0.1,1
Leganés,Jonathan Silva,1,2,36,Back,11.5,95.3,17.8,94.8,6.6,6.2,0
Real Madrid,Gareth Bale,1,2,37,Right,76.2,7.6,76.8,13.7,4.2,1.4,1
Real Madrid,Luka Modric,1,2,41,Center,71.0,6.2,66.4,76.0,47.7,1.7,1
Real Madrid,Marcelo,1,2,43,Center,67.2,76.3,69.1,70.5,4.4,5.2,1
Real Madrid,Toni Kroos,1,2,44,Center,68.6,57.2,69.4,45.1,8.3,4.8,1
Real Madrid,Luka Modric,1,2,46,Center,70.0,47.3,74.4,55.2,7.1,0.9,1
Real Madrid,Marco Asensio,1,2,47,Center,74.4,54.9,67.0,64.6,10.2,2.4,0
Leganés,Unai Bustinza,1,3,40,Center,33.9,23.6,75.7,76.7,56.8,0.7,1
Leganés,Guido Carrillo,1,3,44,Center,75.2,77.5,81.2,61.2,12.7,5.2,0
Real Madrid,Raphael Varane,1,3,45,Back,22.1,40.3,32.9,78.1,28.1,1.2,1
Real Madrid,Marcelo,1,3,50,Left,31.1,77.8,55.5,100.0,30.1,0.6,0
Leganés,Juanfran,1,3,59,Back,51.3,0.0,33.4,6.4,19.6,2.8,1
Leganés,Unai Bustinza,1,4,1,Back,32.4,9.1,33.0,68.4,40.3,1.6,1
Leganés,Dimitrios Siovas,1,4,5,Left,39.8,78.5,59.5,96.0,23.9,0.5,1
Leganés,Jonathan Silva,1,4,8,Left,59.5,96.0,86.4,87.1,28.9,6.1,0
Real Madrid,Raphael Varane,1,4,13,Back,4.4,3.1,6.3,2.2,2.1,6.0,0
Real Madrid,Daniel Carvajal,1,4,20,Back,19.7,0.0,28.8,4.8,10.6,0.4,1
Real Madrid,Gareth Bale,1,4,21,Back,23.8,4.1,17.2,2.5,7.0,3.3,1
Real Madrid,Daniel Carvajal,1,4,22,Back,22.9,2.3,29.5,8.1,8.0,0.5,0
Leganés,Gerard Gumbau,1,4,24,Left,69.5,89.9,76.3,96.6,8.5,0.6,0
Real Madrid,Gareth Bale,1,4,26,Back,30.9,6.2,28.9,11.6,4.2,2.1,1
Real Madrid,Luka Modric,1,4,28,Back,30.1,17.4,37.6,44.3,19.9,1.2,1
Real Madrid,Marco Asensio,1,4,35,Left,60.7,93.6,55.1,98.3,6.7,2.6,1
Real Madrid,Marcelo,1,4,38,Back,55.8,93.2,46.4,75.4,15.6,4.0,1
Real Madrid,Sergio Ramos,1,4,41,Back,46.3,70.6,46.3,45.2,17.3,4.7,1
Real Madrid,Casemiro,1,4,44,Right,52.2,36.4,62.0,3.8,24.4,5.1,1
Real Madrid,Gareth Bale,1,4,49,Back,58.9,2.8,45.7,37.9,27.6,2.1,1
Real Madrid,Raphael Varane,1,4,52,Back,46.2,45.8,47.7,76.7,21.1,1.5,1
Real Madrid,Toni Kroos,1,4,55,Left,54.1,83.5,63.0,98.3,13.7,0.8,1
Real Madrid,Marcelo,1,4,58,Center,63.0,98.3,81.2,75.4,24.7,5.6,1
Leganés,Iván Cuéllar,1,5,36,Center,5.1,42.8,62.9,23.9,62.0,6.1,0
Real Madrid,Raphael Varane,1,5,40,Left,43.3,72.6,71.4,91.4,32.2,0.4,0
Leganés,Unai Bustinza,1,5,45,Right,34.3,7.4,78.8,2.6,46.8,6.2,0
Leganés,Juanfran,1,5,58,Right,72.7,0.0,63.6,11.9,13.4,2.4,1
Leganés,Rubén Pérez,1,6,1,Back,61.2,11.3,43.8,12.3,18.3,3.1,1
Leganés,Unai Bustinza,1,6,4,Back,39.3,20.4,35.3,66.7,31.8,1.7,1
Leganés,Dimitrios Siovas,1,6,12,Back,34.8,76.0,30.6,30.3,31.4,4.6,1
Leganés,Unai Bustinza,1,6,15,Back,30.4,29.8,35.6,5.6,17.3,5.0,1
Leganés,Juanfran,1,6,18,Right,34.9,6.2,72.3,5.0,39.3,6.3,1
Real Madrid,Sergio Ramos,1,6,22,Back,24.4,94.5,13.1,45.8,35.2,4.4,1
Real Madrid,Raphael Varane,1,6,27,Back,16.9,34.8,21.9,18.8,12.1,5.2,1
Real Madrid,Daniel Carvajal,1,6,30,Back,26.0,20.3,22.5,42.1,15.3,1.8,1
Real Madrid,Raphael Varane,1,6,33,Back,25.7,47.6,31.5,74.4,19.2,1.2,1
Real Madrid,Sergio Ramos,1,6,35,Left,34.7,74.4,52.2,97.2,24.0,0.7,1
Real Madrid,Marcelo,1,6,38,Left,51.3,97.1,51.3,92.7,3.0,4.7,1
Real Madrid,Marco Asensio,1,6,39,Left,51.3,92.6,51.8,97.5,3.4,1.4,1
Real Madrid,Marcelo,1,6,40,Back,52.1,97.7,47.2,95.3,5.4,3.4,1
Real Madrid,Toni Kroos,1,6,42,Back,45.9,90.2,46.8,36.3,36.7,4.7,1
Real Madrid,Casemiro,1,6,46,Center,51.8,32.5,71.4,27.4,20.9,6.1,0
Leganés,Jonathan Silva,1,6,47,Back,33.5,80.5,45.0,81.2,12.1,0.0,1
Leganés,Michael Santos,1,6,49,Back,45.1,81.5,40.1,86.3,6.2,2.6,1
Real Madrid,Casemiro,1,6,53,Center,73.5,13.1,67.0,24.4,10.3,2.3,1
Real Madrid,Luka Modric,1,6,54,Back,64.3,24.6,43.2,35.7,23.4,2.8,1
Real Madrid,Raphael Varane,1,6,56,Back,43.2,35.7,18.7,47.0,26.8,2.9,1
Real Madrid,Thibaut Courtois,1,7,1,Back,21.9,48.2,32.7,77.0,22.6,1.0,1
Real Madrid,Sergio Ramos,1,7,3,Back,32.7,77.2,45.3,78.4,13.3,0.1,1
Real Madrid,Toni Kroos,1,7,5,Back,44.5,78.1,46.6,61.5,11.5,4.9,1
Real Madrid,Casemiro,1,7,6,Back,46.9,60.6,31.4,40.7,21.2,3.8,1
Real Madrid,Raphael Varane,1,7,9,Right,32.5,37.3,66.4,4.1,42.2,5.7,1
Real Madrid,Daniel Carvajal,1,7,12,Right,71.5,3.8,65.5,14.6,9.7,2.3,1
Real Madrid,Luka Modric,1,7,14,Center,65.5,14.9,70.9,25.0,8.9,0.9,1
Real Madrid,Karim Benzema,1,7,16,Right,72.7,18.2,73.1,10.1,5.5,4.8,1
Real Madrid,Gareth Bale,1,7,17,Right,73.1,7.7,68.2,10.6,5.5,2.8,1
Real Madrid,Luka Modric,1,7,18,Center,68.2,10.6,68.2,24.7,9.6,1.6,1
Real Madrid,Marco Asensio,1,7,19,Center,68.8,25.2,59.9,38.8,13.1,2.4,1
Real Madrid,Casemiro,1,7,22,Left,60.5,33.4,66.2,96.9,43.6,1.4,1
Real Madrid,Marcelo,1,7,24,Left,66.3,95.0,65.7,88.1,4.7,4.6,1
Leganés,Guido Carrillo,1,7,27,Back,36.8,21.2,28.9,7.6,12.4,4.0,1
Leganés,Juanfran,1,7,28,Back,29.3,10.8,41.9,13.9,13.4,0.2,0
Real Madrid,Toni Kroos,1,7,33,Left,67.6,97.8,60.2,97.1,7.8,3.2,1
Real Madrid,Casemiro,1,7,38,Left,60.0,96.8,63.4,79.6,12.2,5.0,1
Real Madrid,Luka Modric,1,7,39,Left,63.6,76.0,56.4,91.8,13.1,2.2,1
Real Madrid,Casemiro,1,7,40,Back,57.5,89.1,45.1,78.7,14.8,3.6,1
Real Madrid,Sergio Ramos,1,7,42,Left,42.3,82.3,55.7,95.4,16.7,0.6,1
Real Madrid,Toni Kroos,1,7,44,Back,56.2,85.6,39.4,43.6,33.6,4.2,1
Real Madrid,Raphael Varane,1,7,48,Right,37.7,38.9,54.0,11.0,25.6,5.4,1
Real Madrid,Daniel Carvajal,1,7,50,Right,55.9,10.4,63.3,3.2,9.2,5.7,1
Real Madrid,Gareth Bale,1,7,56,Left,65.3,16.4,70.1,93.3,52.5,1.5,1
Real Madrid,Marcelo,1,7,59,Left,69.0,92.0,66.7,85.9,4.8,4.2,1
Real Madrid,Toni Kroos,1,8,2,Center,65.5,77.3,67.2,69.1,5.9,5.0,1
Real Madrid,Luka Modric,1,8,3,Center,65.8,67.8,70.1,67.3,4.5,6.2,1
Real Madrid,Karim Benzema,1,8,4,Center,71.1,63.7,69.1,40.6,15.8,4.6,1
Real Madrid,Marco Asensio,1,8,6,Center,68.2,37.7,74.6,25.6,10.6,5.4,0
Real Madrid,Marco Asensio,1,8,8,Back,67.1,25.6,47.8,26.4,20.3,3.1,1
Real Madrid,Raphael Varane,1,8,12,Right,53.3,28.2,75.8,4.3,28.7,5.7,1
Real Madrid,Daniel Carvajal,1,8,15,Right,78.9,5.9,80.1,10.0,3.1,1.1,0
Leganés,Rubén Pérez,1,8,17,Back,26.0,58.4,30.8,67.9,8.2,0.9,1
Leganés,Nabil El Zhar,1,8,19,Back,32.5,67.9,26.4,64.8,6.7,3.5,1
Leganés,Gerard Gumbau,1,8,20,Back,24.8,64.8,33.8,64.2,9.5,6.2,0
Real Madrid,Casemiro,1,8,21,Left,68.0,33.4,67.6,90.3,38.7,1.6,1
Real Madrid,Marcelo,1,8,26,Center,68.4,90.8,87.9,62.3,28.2,5.5,0
Real Madrid,Toni Kroos,1,8,31,Left,63.5,89.2,50.3,84.1,14.3,3.4,1
Real Madrid,Sergio Ramos,1,8,35,Back,48.1,74.5,47.9,35.2,26.7,4.7,1
Real Madrid,Raphael Varane,1,8,40,Right,61.0,24.9,68.5,2.9,16.9,5.2,1
Real Madrid,Daniel Carvajal,1,8,42,Back,68.2,2.5,44.2,14.3,26.4,2.8,1
Real Madrid,Raphael Varane,1,8,45,Back,44.2,14.3,41.0,66.4,35.6,1.7,1
Real Madrid,Sergio Ramos,1,8,49,Left,55.6,74.5,64.2,79.4,9.6,0.4,1
Real Madrid,Gareth Bale,1,8,52,Left,70.9,91.7,77.7,98.6,8.5,0.6,1
Real Madrid,Marcelo,1,8,55,Left,72.8,95.3,68.0,93.5,5.2,3.4,1
Real Madrid,Toni Kroos,1,8,57,Left,68.0,92.0,74.9,96.9,8.0,0.4,1
Real Madrid,Marcelo,1,9,0,Left,78.0,97.4,93.1,83.6,18.4,5.7,1
Real Madrid,Gareth Bale,1,9,2,Center,93.4,82.6,97.7,34.2,33.2,4.8,0
Real Madrid,Toni Kroos,1,9,34,Center,99.5,0.5,91.9,45.7,31.8,1.8,0
Real Madrid,Daniel Carvajal,1,9,38,Back,70.6,47.3,39.8,91.5,44.2,2.4,1
Real Madrid,Marcelo,1,9,46,Back,41.8,88.1,30.8,49.0,29.0,4.3,1
Real Madrid,Daniel Carvajal,1,9,49,Back,31.7,46.4,42.3,60.0,14.5,0.7,1
Real Madrid,Sergio Ramos,1,9,53,Back,39.4,57.6,41.3,35.2,15.4,4.8,1
Real Madrid,Raphael Varane,1,9,56,Back,40.0,36.1,45.7,73.9,26.4,1.3,1
Real Madrid,Casemiro,1,9,59,Center,45.5,73.8,53.6,71.4,8.7,6.1,1
Real Madrid,Toni Kroos,1,10,0,Back,53.6,71.4,46.9,79.1,8.8,2.5,1
Real Madrid,Marcelo,1,10,2,Left,46.5,81.2,52.0,97.2,12.3,1.1,1
Real Madrid,Karim Benzema,1,10,4,Back,45.8,94.2,47.0,87.7,4.6,5.0,1
Real Madrid,Marcelo,1,10,5,Left,46.9,87.5,54.2,97.5,10.2,0.7,1
Real Madrid,Karim Benzema,1,10,9,Left,56.1,97.4,64.6,82.3,13.6,5.4,0
Leganés,Unai Bustinza,1,10,10,Right,37.6,18.3,63.9,18.8,27.6,0.0,0
Real Madrid,Sergio Ramos,1,10,14,Back,42.6,83.9,46.4,96.0,9.1,1.1,1
Real Madrid,Marcelo,1,10,16,Center,46.2,96.3,76.3,42.8,48.2,5.4,0
Leganés,Jonathan Silva,1,10,18,Back,22.9,58.8,10.5,64.7,13.6,2.8,1
Leganés,Iván Cuéllar,1,10,21,Back,11.2,63.7,19.5,80.0,14.1,0.9,1
Leganés,Jonathan Silva,1,10,24,Center,22.0,82.4,66.8,61.1,49.2,6.0,0
Real Madrid,Casemiro,1,10,28,Back,38.2,42.5,46.9,35.5,10.3,5.8,1
Real Madrid,Luka Modric,1,10,29,Back,46.9,35.5,47.4,46.1,7.2,1.5,1
Real Madrid,Casemiro,1,10,36,Back,48.2,45.7,45.3,45.7,3.0,3.1,1
Real Madrid,Toni Kroos,1,10,39,Back,43.6,50.9,45.7,69.0,12.5,1.4,1
Real Madrid,Marcelo,1,10,40,Left,46.2,78.5,52.4,93.1,11.9,1.0,1
Real Madrid,Gareth Bale,1,10,42,Back,55.2,96.5,46.4,72.0,19.1,4.2,1
Real Madrid,Toni Kroos,1,10,47,Right,45.6,66.6,63.5,5.6,45.5,5.1,1
Real Madrid,Daniel Carvajal,1,10,52,Right,63.7,5.6,62.7,15.2,6.6,1.7,1
Real Madrid,Luka Modric,1,10,53,Right,63.2,8.0,62.8,2.9,3.5,4.6,1
Real Madrid,Daniel Carvajal,1,10,55,Back,56.2,3.7,41.0,23.9,21.1,2.4,1
Real Madrid,Raphael Varane,1,10,58,Back,38.0,28.6,45.1,68.5,28.1,1.3,1
Real Madrid,Sergio Ramos,1,11,1,Left,56.8,67.6,66.0,96.8,22.1,1.1,1
Real Madrid,Marcelo,1,11,5,Left,66.5,95.6,63.3,91.5,4.4,3.8,1
Real Madrid,Toni Kroos,1,11,7,Center,62.0,84.5,91.3,21.8,52.6,5.3,1
Real Madrid,Daniel Carvajal,1,11,13,Right,93.3,16.2,93.6,19.1,2.0,1.4,0
Real Madrid,Daniel Carvajal,1,11,19,Right,90.4,0.0,77.9,5.3,13.9,2.8,1
Real Madrid,Marco Asensio,1,11,21,Back,75.5,5.9,46.7,27.6,33.6,2.7,1
Real Madrid,Raphael Varane,1,11,25,Center,46.7,27.6,52.1,59.4,22.4,1.3,1
Real Madrid,Sergio Ramos,1,11,27,Center,52.1,59.4,55.7,74.4,10.9,1.2,1
Real Madrid,Toni Kroos,1,11,29,Left,58.9,76.7,68.9,98.0,17.9,0.9,1
Real Madrid,Gareth Bale,1,11,31,Left,68.7,97.5,62.4,95.9,6.7,3.3,1
Real Madrid,Marcelo,1,11,34,Left,62.0,94.2,68.5,97.4,7.2,0.3,1
Real Madrid,Gareth Bale,1,11,37,Left,67.7,92.3,68.4,89.6,2.0,5.1,0
Leganés,Guido Carrillo,1,11,42,Right,48.2,20.1,55.6,4.6,13.1,5.3,1
Leganés,Javier Eraso,1,11,43,Right,55.6,4.6,100.0,5.5,48.3,0.0,0
Real Madrid,Thibaut Courtois,1,12,6,Back,4.1,46.9,30.2,74.1,33.1,0.6,1
Real Madrid,Sergio Ramos,1,12,7,Back,30.2,74.1,45.7,96.2,22.2,0.7,1
Real Madrid,Marcelo,1,12,8,Center,45.5,95.7,58.1,78.1,17.8,5.5,1
Real Madrid,Gareth Bale,1,12,13,Center,71.6,97.8,74.7,78.1,13.8,5.0,1
Real Madrid,Karim Benzema,1,12,16,Center,72.5,73.2,68.9,53.1,14.2,4.4,1
Real Madrid,Luka Modric,1,12,18,Right,68.8,52.7,81.3,11.4,31.0,5.1,1
Real Madrid,Marco Asensio,1,12,22,Center,79.9,22.7,91.2,47.6,20.7,1.0,0
Real Madrid,Toni Kroos,1,12,47,Left,99.5,99.5,81.6,96.8,18.9,3.2,1
Real Madrid,Marco Asensio,1,12,49,Left,80.7,96.0,70.6,80.0,15.2,3.9,1
Real Madrid,Marcelo,1,12,52,Center,70.4,79.4,94.4,25.0,44.8,5.3,1
Real Madrid,Karim Benzema,1,12,54,Center,94.5,25.0,88.5,24.0,6.3,3.2,1
Real Madrid,Luka Modric,1,12,55,Center,88.5,24.0,90.1,24.1,1.7,0.0,0
Leganés,Iván Cuéllar,1,13,31,Center,22.2,89.0,72.6,25.9,68.1,5.6,0
Real Madrid,Casemiro,1,13,36,Back,29.6,72.0,37.5,95.7,18.1,1.1,1
Real Madrid,Marcelo,1,13,38,Back,38.6,96.3,41.3,92.0,4.1,5.5,1
Real Madrid,Marco Asensio,1,13,41,Back,43.7,92.6,38.0,96.9,6.7,2.7,1
Real Madrid,Marcelo,1,13,43,Back,34.9,96.3,25.1,80.5,14.9,3.9,1
Real Madrid,Sergio Ramos,1,13,46,Back,25.2,73.2,26.2,22.2,34.7,4.7,1
Real Madrid,Daniel Carvajal,1,13,49,Back,26.7,19.4,39.4,4.3,16.8,5.6,1
Real Madrid,Gareth Bale,1,13,56,Back,54.2,2.8,29.3,38.8,35.8,2.4,1
Real Madrid,Raphael Varane,1,13,59,Back,29.1,39.1,31.8,75.0,24.6,1.5,1
Real Madrid,Sergio Ramos,1,14,5,Left,41.6,82.1,53.1,97.7,16.1,0.7,1
Real Madrid,Marcelo,1,14,8,Left,53.5,97.7,52.9,85.6,8.3,4.6,1
Real Madrid,Toni Kroos,1,14,9,Left,53.7,86.2,53.6,98.1,8.1,1.6,1
Real Madrid,Marcelo,1,14,10,Back,53.6,98.1,45.1,86.2,12.0,3.9,1
Real Madrid,Sergio Ramos,1,14,13,Center,46.0,79.3,100.0,21.5,70.0,5.7,0
Leganés,Iván Cuéllar,1,14,43,Left,5.1,56.7,50.1,100.0,56.2,0.6,0
Real Madrid,Daniel Carvajal,1,14,52,Back,52.0,0.0,33.9,43.9,36.4,2.1,1
Real Madrid,Sergio Ramos,1,14,56,Back,35.1,40.7,43.9,66.7,19.9,1.1,1
Real Madrid,Marcelo,1,14,58,Left,43.1,71.7,55.5,96.6,21.4,0.9,1
Real Madrid,Marco Asensio,1,15,2,Left,61.5,96.2,56.1,90.9,6.7,3.7,1
Real Madrid,Marcelo,1,15,5,Back,55.9,84.2,46.4,65.8,16.0,4.0,1
Real Madrid,Sergio Ramos,1,15,7,Back,46.0,63.9,46.2,33.3,20.8,4.7,1
Real Madrid,Raphael Varane,1,15,12,Right,55.1,18.3,55.9,4.9,9.2,4.8,1
Real Madrid,Daniel Carvajal,1,15,14,Back,54.4,7.4,37.0,21.2,20.5,2.7,1
Real Madrid,Raphael Varane,1,15,16,Back,37.0,21.2,37.7,66.3,30.7,1.5,1
Real Madrid,Sergio Ramos,1,15,19,Back,37.7,66.6,45.1,82.0,13.0,0.9,1
Real Madrid,Sergio Ramos,1,15,33,Left,47.7,75.0,60.0,92.9,17.7,0.8,1
Real Madrid,Marcelo,1,15,35,Left,63.0,95.0,51.8,93.3,11.8,3.2,1
Real Madrid,Sergio Ramos,1,15,37,Back,46.9,88.9,47.8,42.5,31.6,4.7,1
Real Madrid,Luka Modric,1,15,41,Right,47.8,42.5,61.8,8.3,27.5,5.3,1
Real Madrid,Daniel Carvajal,1,15,45,Right,76.2,13.1,75.6,18.8,3.9,1.7,1
Real Madrid,Karim Benzema,1,15,47,Center,75.9,16.5,77.7,22.2,4.3,1.1,1
Real Madrid,Gareth Bale,1,15,50,Left,74.4,25.2,64.6,94.1,48.0,1.8,1
Real Madrid,Marcelo,1,15,52,Left,65.4,93.6,82.1,97.2,17.7,0.1,1
Real Madrid,Marco Asensio,1,15,54,Left,84.5,97.2,77.4,91.1,8.5,3.6,1
Real Madrid,Marcelo,1,15,57,Center,73.3,83.6,66.4,71.2,11.1,4.0,1
Real Madrid,Sergio Ramos,1,16,0,Center,68.5,63.5,94.6,32.4,34.6,5.6,1
Real Madrid,Daniel Carvajal,1,16,1,Center,96.0,30.7,90.6,44.5,11.0,2.1,1
Leganés,Michael Santos,1,16,56,Back,49.9,50.1,43.5,69.6,14.9,2.0,1
Leganés,Gerard Gumbau,1,16,58,Left,42.0,64.3,71.1,100.0,39.5,0.7,0
Real Madrid,Daniel Carvajal,1,17,7,Back,24.9,0.0,33.3,8.9,11.2,0.7,1
Real Madrid,Luka Modric,1,17,10,Back,31.8,10.6,25.5,4.4,7.8,3.7,1
Real Madrid,Daniel Carvajal,1,17,13,Back,20.4,6.6,16.0,38.8,22.4,1.8,1
Real Madrid,Sergio Ramos,1,17,15,Back,17.0,43.6,36.3,86.9,35.7,1.0,1
Real Madrid,Marcelo,1,17,20,Back,39.5,73.8,41.1,84.8,7.7,1.3,1
Real Madrid,Toni Kroos,1,17,21,Back,40.5,87.2,44.1,96.5,7.4,1.0,1
Real Madrid,Marco Asensio,1,17,24,Back,38.7,94.8,23.9,76.6,19.9,3.8,1
Real Madrid,Sergio Ramos,1,17,26,Back,22.4,74.4,22.2,38.5,24.4,4.7,1
Real Madrid,Raphael Varane,1,17,33,Back,34.8,23.4,34.1,11.9,7.9,4.6,1
Real Madrid,Luka Modric,1,17,36,Right,33.9,4.0,85.3,13.7,54.4,0.1,0
Leganés,Dimitrios Siovas,1,17,40,Back,13.6,84.5,5.9,59.4,18.9,4.3,1
Leganés,Iván Cuéllar,1,17,42,Back,5.9,59.4,48.5,53.3,44.9,6.2,1
Real Madrid,Sergio Ramos,1,17,47,Back,38.6,54.0,36.7,39.4,10.1,4.5,1
Real Madrid,Raphael Varane,1,17,49,Back,38.2,35.7,44.2,33.0,6.6,6.0,1
Real Madrid,Luka Modric,1,17,52,Left,41.7,33.4,54.0,96.9,45.1,1.3,1
Real Madrid,Marcelo,1,17,56,Center,55.1,96.3,82.6,75.3,32.2,5.8,0
Leganés,Unai Bustinza,1,17,59,Back,19.4,26.2,31.8,6.5,18.7,5.5,1
Leganés,Juanfran,1,18,1,Back,33.2,6.7,0.0,28.3,38.5,2.8,0
Real Madrid,Toni Kroos,1,18,29,Center,99.5,99.5,91.9,56.3,30.4,4.4,0
Real Madrid,Marcelo,1,18,33,Center,69.7,53.0,74.9,36.7,12.4,5.2,1
Real Madrid,Luka Modric,1,18,35,Center,72.0,35.1,97.6,31.9,27.0,6.2,1
Real Madrid,Sergio Ramos,1,18,39,Center,97.6,31.8,94.6,47.0,10.8,1.9,0
Real Madrid,Toni Kroos,1,19,3,Right,99.5,0.5,83.6,8.2,17.5,2.8,1
Real Madrid,Marco Asensio,1,19,4,Right,83.6,8.2,75.7,15.0,9.5,2.6,1
Real Madrid,Daniel Carvajal,1,19,6,Center,75.3,14.4,76.9,33.7,13.2,1.4,1
Real Madrid,Luka Modric,1,19,8,Center,77.1,34.0,87.1,33.0,10.5,6.2,0
Leganés,Juanfran,1,19,9,Left,10.4,64.0,80.8,100.0,78.2,0.3,0
Real Madrid,Daniel Carvajal,1,19,19,Back,22.1,0.0,11.4,26.1,22.2,2.1,1
Real Madrid,Thibaut Courtois,1,19,23,Back,12.4,46.4,24.8,58.4,15.4,0.6,1
Real Madrid,Casemiro,1,19,27,Back,24.8,58.4,30.5,67.3,8.5,0.8,1
Real Madrid,Sergio Ramos,1,19,28,Back,30.5,67.3,27.2,63.9,4.2,3.7,1
Real Madrid,Casemiro,1,19,29,Back,32.2,67.9,44.9,98.3,24.6,1.0,1
Real Madrid,Marco Asensio,1,19,32,Back,44.9,98.3,32.9,73.6,21.0,4.1,1
Real Madrid,Casemiro,1,19,34,Back,36.8,63.6,30.2,37.4,19.1,4.3,1
Real Madrid,Raphael Varane,1,19,37,Back,31.7,35.1,39.9,4.1,22.8,5.1,1
Real Madrid,Daniel Carvajal,1,19,40,Back,39.5,7.0,27.5,36.9,23.9,2.1,1
Real Madrid,Raphael Varane,1,19,43,Back,28.6,40.0,38.3,76.0,26.5,1.2,1
Real Madrid,Sergio Ramos,1,19,46,Left,42.9,84.8,52.1,97.8,13.1,0.7,1
Real Madrid,Marcelo,1,19,48,Left,52.0,97.1,57.8,97.2,6.1,0.0,1
Real Madrid,Marco Asensio,1,19,49,Left,58.2,97.5,54.3,89.1,7.0,4.1,1
Real Madrid,Toni Kroos,1,19,51,Back,54.1,88.3,45.0,82.3,10.4,3.5,1
Real Madrid,Sergio Ramos,1,19,53,Back,44.9,69.3,45.0,34.3,23.8,4.7,1
Real Madrid,Raphael Varane,1,19,58,Right,59.8,25.2,55.8,6.2,13.6,4.4,1
Real Madrid,Daniel Carvajal,1,20,0,Back,54.3,7.0,47.2,33.9,19.8,2.0,1
Real Madrid,Casemiro,1,20,2,Back,47.1,35.5,46.2,69.7,23.3,1.6,1
Real Madrid,Toni Kroos,1,20,4,Back,46.2,69.7,46.7,59.3,7.1,4.8,1
Real Madrid,Sergio Ramos,1,20,6,Center,46.7,59.3,52.2,74.7,12.0,1.1,1
Real Madrid,Toni Kroos,1,20,7,Left,52.2,74.7,65.6,98.1,21.2,0.8,1
Real Madrid,Marco Asensio,1,20,10,Left,76.8,95.8,77.4,98.3,1.8,1.2,1
Real Madrid,Marcelo,1,20,14,Left,65.5,93.2,59.9,97.5,6.6,2.7,1
Real Madrid,Toni Kroos,1,20,17,Center,58.4,93.3,59.6,66.9,18.0,4.8,1
Real Madrid,Casemiro,1,20,20,Center,63.0,58.2,71.3,33.3,19.0,5.2,1
Real Madrid,Gareth Bale,1,20,24,Center,61.4,35.7,59.9,41.6,4.3,1.9,1
Real Madrid,Casemiro,1,20,26,Center,59.7,41.2,54.0,39.4,6.1,3.3,1
Real Madrid,Gareth Bale,1,20,28,Center,55.6,42.2,53.9,68.7,18.1,1.7,1
Real Madrid,Sergio Ramos,1,20,29,Left,54.3,73.9,67.5,98.4,21.7,0.9,1
Real Madrid,Marcelo,1,20,31,Left,65.5,97.7,62.8,88.9,6.6,4.3,1
Real Madrid,Toni Kroos,1,20,33,Center,64.3,84.7,63.8,70.6,9.6,4.7,1
Real Madrid,Gareth Bale,1,20,35,Center,63.5,67.3,65.5,50.0,11.9,4.9,1
Real Madrid,Luka Modric,1,20,36,Center,65.5,49.9,72.2,50.3,7.0,0.0,1
Real Madrid,Marco Asensio,1,20,37,Center,72.3,49.0,73.0,47.5,1.3,5.3,1
Real Madrid,Gareth Bale,1,20,38,Center,77.6,43.1,80.8,49.9,5.7,0.9,1
Real Madrid,Karim Benzema,1,20,40,Center,80.8,49.9,80.3,39.4,7.2,4.6,1
Real Madrid,Marco Asensio,1,20,42,Right,76.1,28.9,88.0,7.7,19.1,5.4,1
Real Madrid,Daniel Carvajal,1,20,45,Right,91.4,10.4,80.7,14.3,11.5,2.9,1
Real Madrid,Marco Asensio,1,20,48,Center,76.0,15.9,87.5,53.3,28.2,1.1,0
Real Madrid,Marcelo,1,20,53,Right,96.7,97.2,95.0,14.6,56.2,4.7,1
Real Madrid,Daniel Carvajal,1,21,0,Center,93.2,14.0,92.7,48.7,23.6,1.6,0
Real Madrid,Casemiro,1,21,10,Center,70.1,47.4,72.2,33.0,10.0,4.9,0
Leganés,Michael Santos,1,21,11,Back,30.2,72.9,27.5,64.6,6.3,4.2,1
Leganés,Gerard Gumbau,1,21,12,Back,27.4,64.0,11.6,81.4,20.4,2.5,1
Leganés,Jonathan Silva,1,21,15,Back,11.4,81.7,44.6,79.3,34.9,6.2,0
Real Madrid,Raphael Varane,1,21,17,Center,57.6,26.2,64.2,43.5,13.7,1.0,0
Leganés,Rubén Pérez,1,21,19,Center,37.0,65.7,56.7,68.2,20.8,0.1,0
Real Madrid,Raphael Varane,1,21,21,Back,44.9,34.8,39.4,41.0,7.2,2.5,1
Real Madrid,Casemiro,1,21,25,Back,45.4,34.8,48.4,48.1,9.6,1.2,1
Real Madrid,Toni Kroos,1,21,27,Center,47.9,50.4,54.6,54.0,7.4,0.3,1
Real Madrid,Karim Benzema,1,21,28,Center,54.6,54.0,54.1,34.3,13.4,4.7,1
Real Madrid,Luka Modric,1,21,31,Right,54.5,30.7,55.8,11.3,13.3,4.8,1
Real Madrid,Daniel Carvajal,1,21,33,Right,55.8,11.1,69.1,3.1,15.0,5.9,1
Leganés,Juanfran,1,21,44,Back,14.5,31.9,23.2,34.2,9.3,0.2,1
Leganés,Javier Eraso,1,21,45,Back,23.8,32.2,14.4,10.4,17.8,4.1,1
Leganés,Juanfran,1,21,49,Back,27.6,5.9,33.0,3.2,6.0,6.0,0
Leganés,Juanfran,1,22,13,Right,39.1,0.0,60.6,13.8,25.0,0.4,0
Real Madrid,Raphael Varane,1,22,17,Back,40.2,76.9,44.2,76.6,4.2,6.2,1
Leganés,Nabil El Zhar,1,22,19,Right,56.7,10.4,66.7,11.3,10.5,0.1,1
Leganés,Javier Eraso,1,22,20,Right,67.7,11.3,57.5,3.5,12.0,3.6,1
Leganés,Juanfran,1,22,23,Left,62.5,3.8,88.8,90.3,65.0,1.1,1
Leganés,Jonathan Silva,1,22,29,Center,91.2,91.5,95.3,33.0,40.0,4.8,1
Leganés,Michael Santos,1,22,32,Center,96.2,31.2,89.6,41.2,9.7,2.4,1
Real Madrid,Karim Benzema,1,24,30,Back,50.1,50.0,42.0,40.0,10.9,3.8,1
Real Madrid,Luka Modric,1,24,31,Back,41.7,40.0,39.0,52.4,8.9,1.9,1
Real Madrid,Casemiro,1,24,33,Back,39.0,52.4,41.6,65.2,9.1,1.3,1
Real Madrid,Toni Kroos,1,24,34,Back,41.6,65.2,29.7,69.3,12.8,2.9,1
Real Madrid,Sergio Ramos,1,24,37,Back,33.8,64.0,34.9,34.9,19.8,4.8,1
Real Madrid,Luka Modric,1,24,40,Center,35.8,34.5,51.9,33.6,16.9,6.2,1
Real Madrid,Gareth Bale,1,24,41,Back,47.8,30.0,45.6,6.8,15.9,4.6,1
Real Madrid,Daniel Carvajal,1,24,46,Back,46.2,23.6,30.1,39.5,20.1,2.6,1
Real Madrid,Raphael Varane,1,24,52,Back,37.1,39.7,36.6,66.4,18.2,1.6,1
Real Madrid,Sergio Ramos,1,24,55,Left,44.1,66.6,53.3,97.1,22.9,1.1,1
Real Madrid,Marcelo,1,24,58,Back,52.8,96.2,46.0,81.2,12.5,4.1,1
Real Madrid,Sergio Ramos,1,25,1,Right,46.5,76.4,75.8,4.9,57.5,5.3,1
Real Madrid,Gareth Bale,1,25,6,Center,73.8,6.8,96.9,41.6,33.9,0.8,0
Leganés,Iván Cuéllar,1,25,21,Center,19.8,76.4,65.4,76.1,47.9,6.3,0
Real Madrid,Casemiro,1,25,25,Back,35.8,25.3,43.7,23.4,8.4,6.1,0
Real Madrid,Casemiro,1,25,38,Back,28.9,16.9,22.6,35.5,14.3,2.1,1
Real Madrid,Raphael Varane,1,25,40,Back,27.3,37.5,31.2,60.8,16.4,1.3,1
Real Madrid,Sergio Ramos,1,25,44,Back,46.9,63.9,46.1,78.2,9.8,1.7,1
Real Madrid,Toni Kroos,1,25,46,Back,45.4,69.0,46.5,41.9,18.5,4.8,1
Real Madrid,Casemiro,1,25,49,Center,47.2,36.7,62.9,33.6,16.6,6.2,1
Real Madrid,Gareth Bale,1,25,51,Right,64.7,33.1,77.6,3.2,24.4,5.3,1
Real Madrid,Daniel Carvajal,1,25,53,Right,81.2,3.2,70.1,12.2,13.2,2.7,1
Real Madrid,Luka Modric,1,25,58,Right,68.5,20.7,91.9,0.0,29.0,5.7,0
Leganés,Jonathan Silva,1,26,18,Back,18.5,100.0,13.0,84.5,13.1,4.3,1
Leganés,Gerard Gumbau,1,26,19,Back,12.4,84.5,34.9,93.5,24.4,0.3,1
Real Madrid,Toni Kroos,1,27,15,Center,64.6,23.6,53.3,65.7,31.0,2.0,1
Real Madrid,Sergio Ramos,1,27,17,Left,53.3,65.7,62.4,94.8,22.0,1.1,1
Real Madrid,Marcelo,1,27,19,Left,62.3,93.0,67.9,97.5,6.6,0.5,1
Real Madrid,Marco Asensio,1,27,21,Left,61.3,97.4,53.2,85.1,11.9,3.9,1
Real Madrid,Sergio Ramos,1,27,24,Right,50.2,80.3,53.7,2.0,53.4,4.8,1
Real Madrid,Casemiro,1,27,29,Right,53.9,1.6,55.8,1.6,2.0,0,0
Real Madrid,Thibaut Courtois,1,27,41,Back,13.8,56.3,37.4,73.8,27.5,0.4,1
Real Madrid,Toni Kroos,1,27,44,Back,37.4,73.8,44.6,92.0,14.5,1.0,1
Real Madrid,Marco Asensio,1,27,45,Back,43.7,89.0,46.6,75.7,9.5,5.0,0
Leganés,Rubén Pérez,1,27,47,Back,57.2,16.2,41.3,21.8,17.1,2.9,1
Leganés,Unai Bustinza,1,27,48,Center,41.0,21.8,53.3,23.7,13.0,0.1,1
Leganés,Rubén Pérez,1,27,50,Right,59.9,21.5,69.5,3.4,15.9,5.4,1
Leganés,Juanfran,1,27,53,Right,66.4,3.4,68.1,11.2,5.6,1.2,1
Leganés,Nabil El Zhar,1,27,56,Right,75.1,9.1,84.2,2.5,10.6,5.8,1
Leganés,Juanfran,1,28,1,Center,90.0,4.1,92.5,27.9,16.4,1.4,0
Real Madrid,Karim Benzema,1,28,5,Back,23.0,96.0,26.9,76.4,13.9,5.0,0
Leganés,Gerard Gumbau,1,28,7,Center,72.4,25.6,79.2,22.2,7.5,6.0,1
Leganés,Javier Eraso,1,28,10,Right,78.1,20.3,73.1,6.1,11.0,4.2,1
Leganés,Nabil El Zhar,1,28,12,Right,77.3,8.2,88.2,2.5,12.1,6.0,1
Leganés,Juanfran,1,28,21,Center,92.7,7.1,92.2,46.6,26.9,1.6,0
Leganés,Dimitrios Siovas,1,28,33,Center,52.9,85.1,55.7,66.7,12.9,4.9,1
Leganés,Rubén Pérez,1,28,35,Left,55.8,70.2,74.0,95.1,25.5,0.7,1
Leganés,Jonathan Silva,1,28,37,Left,71.7,96.3,58.8,95.6,13.6,3.2,1
Leganés,Gerard Gumbau,1,28,38,Back,59.0,96.3,39.6,77.8,23.9,3.7,1
Leganés,Dimitrios Siovas,1,28,42,Back,32.7,67.3,30.8,11.3,38.1,4.7,1
Leganés,Unai Bustinza,1,28,44,Back,30.8,11.3,46.4,3.5,17.2,6.0,1
Real Madrid,Marcelo,1,29,6,Back,33.6,100.0,42.4,93.6,10.9,5.7,1
Real Madrid,Karim Benzema,1,29,8,Back,42.4,93.6,44.1,81.5,8.4,4.9,0
Leganés,Gerard Gumbau,1,29,9,Back,63.1,17.6,42.4,1.6,24.3,3.6,1
Leganés,Juanfran,1,29,13,Back,42.4,1.6,33.5,13.2,12.2,2.4,1
Leganés,Unai Bustinza,1,29,16,Back,31.1,12.9,39.1,9.5,8.7,6.0,1
Leganés,Rubén Pérez,1,29,19,Back,38.2,29.5,27.2,32.5,11.7,3.0,1
Leganés,Unai Bustinza,1,29,21,Back,24.6,38.5,37.2,36.3,13.3,6.2,1
Leganés,Rubén Pérez,1,29,22,Back,37.2,36.3,23.5,30.6,14.9,3.4,1
Leganés,Unai Bustinza,1,29,27,Back,34.1,31.0,36.4,3.8,18.7,4.8,1
Leganés,Juanfran,1,29,31,Right,45.3,5.8,55.3,3.4,10.6,6.1,1
Leganés,Nabil El Zhar,1,29,34,Right,58.4,5.2,58.5,19.8,9.9,1.6,1
Leganés,Javier Eraso,1,29,35,Back,58.5,19.8,46.2,13.5,13.6,3.5,1
Leganés,Rubén Pérez,1,29,37,Left,55.6,23.6,79.8,96.8,55.9,1.1,1
Leganés,Jonathan Silva,1,29,44,Left,93.6,93.8,94.9,88.9,3.6,5.1,0
Leganés,Jonathan Silva,1,30,3,Center,93.7,100.0,97.6,61.0,27.8,4.9,0
Real Madrid,Thibaut Courtois,1,30,12,Back,14.4,46.9,19.7,71.1,17.4,1.2,1
Real Madrid,Sergio Ramos,1,30,16,Back,25.6,72.4,36.3,93.2,18.1,0.9,1
Real Madrid,Marcelo,1,30,19,Back,35.8,87.5,31.2,63.3,17.2,4.4,1
Real Madrid,Casemiro,1,30,21,Back,32.2,53.7,36.8,34.9,13.7,5.1,1
Real Madrid,Luka Modric,1,30,24,Right,36.6,33.3,55.4,2.8,28.6,5.5,1
Real Madrid,Marco Asensio,1,30,26,Back,55.5,2.3,43.4,6.1,13.0,2.9,1
Real Madrid,Daniel Carvajal,1,30,28,Back,44.8,11.6,37.1,59.9,33.8,1.8,1
Real Madrid,Sergio Ramos,1,30,32,Back,38.4,52.2,42.2,83.2,21.5,1.4,1
Real Madrid,Marcelo,1,30,35,Back,44.4,91.3,47.7,97.9,5.7,0.9,1
Real Madrid,Gareth Bale,1,30,38,Back,48.0,98.1,43.6,91.7,6.3,3.9,1
Real Madrid,Marcelo,1,30,40,Back,43.6,89.6,38.3,35.2,37.4,4.6,1
Real Madrid,Raphael Varane,1,30,43,Right,41.4,31.3,53.8,7.3,20.9,5.4,1
Real Madrid,Daniel Carvajal,1,30,46,Back,53.5,9.8,44.4,18.3,11.2,2.6,1
Real Madrid,Raphael Varane,1,30,49,Left,44.8,27.6,51.9,96.8,47.6,1.4,1
Real Madrid,Marcelo,1,30,53,Back,53.5,96.6,47.2,83.0,11.4,4.1,1
Real Madrid,Toni Kroos,1,30,56,Center,47.0,73.5,53.9,36.0,26.5,5.0,1
Real Madrid,Casemiro,1,30,59,Center,56.7,29.7,70.3,29.2,14.3,6.3,1
Real Madrid,Karim Benzema,1,31,1,Right,70.2,22.5,67.4,4.6,12.5,4.5,1
Real Madrid,Daniel Carvajal,1,31,2,Right,67.1,3.7,77.5,2.2,11.0,6.2,1
Real Madrid,Marco Asensio,1,31,3,Right,77.6,2.3,79.5,3.2,2.1,0.3,0
Real Madrid,Marco Asensio,1,31,5,Right,78.8,3.1,69.9,6.5,9.6,2.9,1
Real Madrid,Daniel Carvajal,1,31,7,Back,69.2,6.7,47.8,19.8,24.2,2.8,1
Real Madrid,Raphael Varane,1,31,9,Back,46.3,30.3,48.4,59.9,20.2,1.5,1
Real Madrid,Sergio Ramos,1,31,12,Center,52.1,59.1,56.9,77.9,13.7,1.2,1
Real Madrid,Toni Kroos,1,31,14,Center,56.6,74.4,61.9,67.2,7.4,5.6,1
Real Madrid,Luka Modric,1,31,18,Left,60.1,92.3,64.6,97.1,5.7,0.6,1
Real Madrid,Marcelo,1,31,20,Center,64.6,97.1,55.7,76.3,17.0,4.1,1
Real Madrid,Sergio Ramos,1,31,22,Center,55.4,69.6,61.9,37.7,22.7,5.0,1
Real Madrid,Casemiro,1,31,26,Right,62.5,30.6,89.9,19.5,29.7,6.0,1
Real Madrid,Daniel Carvajal,1,31,30,Center,92.5,27.3,90.6,63.3,24.6,1.7,1
Leganés,Iván Cuéllar,1,31,47,Center,13.6,46.9,64.9,21.9,56.5,6.0,0
Real Madrid,Sergio Ramos,1,32,1,Back,34.5,93.0,45.5,96.5,11.8,0.2,1
Real Madrid,Marcelo,1,32,2,Back,45.8,96.5,41.3,85.1,9.1,4.2,1
Real Madrid,Sergio Ramos,1,32,5,Back,43.9,74.8,45.8,50.0,17.0,4.8,1
Real Madrid,Casemiro,1,32,7,Right,46.3,46.9,72.0,7.1,38.2,5.5,1
Real Madrid,Marco Asensio,1,32,12,Right,74.7,5.2,65.7,3.7,9.5,3.2,1
Real Madrid,Daniel Carvajal,1,32,14,Right,65.6,9.5,62.3,19.7,7.8,2.0,1
Real Madrid,Luka Modric,1,32,16,Center,62.8,24.0,53.6,49.6,19.9,2.1,1
Real Madrid,Toni Kroos,1,32,21,Center,56.8,38.2,59.2,30.3,5.9,5.2,1
Real Madrid,Luka Modric,1,32,23,Center,61.0,29.2,70.1,42.7,13.3,0.8,1
Real Madrid,Karim Benzema,1,32,24,Center,70.1,42.7,72.2,33.4,6.7,5.0,1
Real Madrid,Marco Asensio,1,32,25,Center,72.2,33.3,73.9,37.0,3.1,1.0,1
Real Madrid,Casemiro,1,32,26,Right,73.9,37.0,80.4,6.7,21.7,5.0,1
Real Madrid,Daniel Carvajal,1,32,28,Center,80.4,6.7,96.5,26.8,21.7,0.7,1
Real Madrid,Marco Asensio,1,32,30,Center,96.5,26.8,85.4,41.8,15.5,2.4,0
Leganés,Javier Eraso,1,32,33,Back,14.7,50.9,9.8,60.6,8.4,2.2,1
Leganés,Rubén Pérez,1,32,34,Back,9.0,61.6,26.5,47.4,20.8,5.8,1
Leganés,Unai Bustinza,1,33,8,Left,32.6,47.2,73.3,94.7,53.6,0.6,1
Leganés,Guido Carrillo,1,33,10,Center,73.3,94.7,81.6,33.9,42.3,4.9,0
Real Madrid,Sergio Ramos,1,33,17,Back,26.1,77.3,29.1,71.1,5.3,5.4,1
Real Madrid,Toni Kroos,1,33,21,Right,31.1,59.3,55.1,8.2,42.9,5.3,1
Real Madrid,Marco Asensio,1,33,28,Center,62.0,37.1,52.8,60.6,18.7,2.1,1
Real Madrid,Toni Kroos,1,33,31,Left,55.1,65.7,61.3,95.9,21.5,1.3,1
Real Madrid,Marcelo,1,33,33,Left,60.2,94.8,65.2,97.4,5.5,0.3,1
Real Madrid,Gareth Bale,1,33,36,Center,61.2,88.1,56.1,74.8,10.5,4.2,1
Real Madrid,Toni Kroos,1,33,39,Center,56.1,68.4,63.1,60.8,9.0,5.7,1
Real Madrid,Luka Modric,1,33,41,Center,60.8,67.5,55.4,76.4,8.3,2.3,1
Real Madrid,Toni Kroos,1,33,45,Center,53.1,66.0,60.9,27.6,27.4,5.0,1
Real Madrid,Casemiro,1,33,49,Center,60.1,24.4,54.4,39.2,11.7,2.1,1
Real Madrid,Raphael Varane,1,33,51,Center,61.2,45.1,72.1,48.8,11.7,0.2,1
Real Madrid,Marco Asensio,1,33,52,Center,72.5,49.4,58.8,59.0,15.8,2.7,1
Real Madrid,Toni Kroos,1,33,55,Left,61.8,60.5,82.2,96.8,32.7,0.9,1
Real Madrid,Marcelo,1,34,1,Center,88.5,98.1,68.1,76.3,26.0,3.7,1
Real Madrid,Sergio Ramos,1,34,5,Left,67.5,75.7,68.8,88.9,9.1,1.4,1
Real Madrid,Luka Modric,1,34,10,Left,67.7,77.0,76.0,97.5,16.4,1.0,1
Real Madrid,Marcelo,1,34,13,Left,75.6,97.4,70.9,94.7,5.3,3.5,1
Real Madrid,Sergio Ramos,1,34,15,Center,69.9,92.0,86.9,45.8,36.1,5.2,0
Real Madrid,Luka Modric,1,34,19,Center,60.7,68.7,67.3,63.4,7.8,5.8,1
Real Madrid,Toni Kroos,1,34,21,Center,67.3,63.6,52.3,47.9,19.0,3.7,1
Real Madrid,Raphael Varane,1,34,24,Center,52.8,44.0,55.7,31.5,9.0,5.1,1
Real Madrid,Casemiro,1,34,25,Center,55.9,28.6,52.5,54.0,17.6,1.8,1
Real Madrid,Luka Modric,1,34,35,Center,60.2,66.1,51.8,46.6,15.9,4.1,1
Real Madrid,Raphael Varane,1,34,37,Center,51.8,46.6,54.9,37.6,6.9,5.2,1
Real Madrid,Casemiro,1,34,39,Right,57.5,33.9,62.5,11.6,16.0,5.0,1
Real Madrid,Marco Asensio,1,34,41,Center,57.7,8.0,52.6,52.1,30.5,1.7,1
Real Madrid,Toni Kroos,1,34,47,Left,59.1,66.0,58.0,90.3,16.6,1.6,1
Real Madrid,Sergio Ramos,1,34,49,Left,58.8,90.3,66.5,97.7,9.5,0.6,1
Real Madrid,Marcelo,1,34,51,Left,65.2,96.0,60.0,89.4,7.1,3.8,1
Real Madrid,Sergio Ramos,1,34,54,Right,60.9,81.8,80.3,10.0,52.9,5.1,1
Real Madrid,Daniel Carvajal,1,34,57,Right,80.3,9.1,73.0,18.6,10.0,2.4,1
Real Madrid,Marco Asensio,1,35,1,Right,70.1,18.2,75.3,19.8,5.6,0.2,1
Real Madrid,Luka Modric,1,35,2,Right,74.4,17.1,74.6,4.4,8.6,4.7,1
Real Madrid,Daniel Carvajal,1,35,4,Right,74.8,4.4,75.3,13.5,6.2,1.5,1
Real Madrid,Karim Benzema,1,35,5,Right,75.3,13.5,80.4,5.0,7.9,5.5,1
Real Madrid,Luka Modric,1,35,7,Right,81.6,5.3,85.8,3.1,4.7,6.0,1
Leganés,Jonathan Silva,1,35,28,Back,20.9,100.0,37.4,97.1,17.6,6.1,0
Real Madrid,Daniel Carvajal,1,35,31,Center,61.2,6.2,59.4,33.3,18.5,1.7,0
Leganés,Nabil El Zhar,1,35,33,Left,39.0,78.5,88.2,82.6,51.7,0.1,0
Real Madrid,Raphael Varane,1,35,38,Back,13.0,19.4,29.1,67.8,37.0,1.1,1
Real Madrid,Sergio Ramos,1,35,42,Back,36.2,73.6,46.6,95.6,18.5,0.9,1
Real Madrid,Marcelo,1,35,44,Back,45.7,95.1,39.4,82.4,10.9,4.1,1
Real Madrid,Sergio Ramos,1,35,47,Back,42.8,76.7,44.2,65.7,7.6,4.9,1
Real Madrid,Toni Kroos,1,35,51,Center,47.1,47.8,55.5,34.0,12.9,5.5,1
Real Madrid,Casemiro,1,35,55,Back,52.8,23.9,48.1,34.7,8.8,2.2,1
Real Madrid,Toni Kroos,1,36,1,Right,60.3,31.8,59.5,14.3,11.9,4.6,1
Real Madrid,Daniel Carvajal,1,36,2,Back,59.5,14.3,46.3,34.6,19.6,2.4,1
Real Madrid,Raphael Varane,1,36,5,Back,46.4,46.1,46.6,72.9,18.2,1.6,1
Real Madrid,Sergio Ramos,1,36,8,Left,54.2,72.0,63.4,99.5,21.0,1.1,1
Real Madrid,Marcelo,1,36,10,Center,63.4,99.5,54.1,72.9,20.6,4.2,1
Real Madrid,Sergio Ramos,1,36,13,Right,54.7,68.5,92.2,12.9,54.6,5.5,1
Real Madrid,Daniel Carvajal,1,36,18,Center,94.2,15.3,78.4,21.9,17.2,2.9,1
Real Madrid,Marco Asensio,1,36,19,Center,78.0,24.0,80.9,55.4,21.6,1.4,1
Real Madrid,Toni Kroos,1,36,21,Center,80.6,53.2,81.5,48.9,3.1,5.0,0
Leganés,Dimitrios Siovas,1,36,23,Back,18.0,52.1,49.3,0.0,49.3,5.4,0
Real Madrid,Marcelo,1,36,32,Back,52.8,100.0,48.4,90.5,9.1,4.2,1
Real Madrid,Sergio Ramos,1,36,34,Left,50.3,92.0,68.9,98.7,20.1,0.2,1
Real Madrid,Gareth Bale,1,36,37,Center,89.8,96.2,93.8,47.0,33.7,4.8,0
Leganés,Iván Cuéllar,1,36,54,Left,16.4,72.3,65.1,96.3,53.7,0.3,1
Leganés,Guido Carrillo,1,36,58,Center,65.6,96.6,64.1,73.5,15.8,4.6,1
Leganés,Michael Santos,1,36,59,Center,62.5,72.1,69.4,57.5,12.3,5.3,1
Leganés,Javier Eraso,1,37,2,Center,71.5,55.5,69.4,51.1,3.7,4.1,1
Real Madrid,Casemiro,1,37,10,Back,18.0,55.1,19.6,74.1,13.0,1.4,1
Real Madrid,Marcelo,1,37,13,Back,23.3,85.6,43.8,98.1,23.1,0.4,1
Real Madrid,Gareth Bale,1,37,15,Left,42.3,97.2,53.2,93.9,11.7,6.1,0
Real Madrid,Gareth Bale,1,37,21,Center,53.4,100.0,78.7,77.3,31.4,5.7,0
Leganés,Dimitrios Siovas,1,37,23,Back,22.6,25.9,31.4,26.5,9.2,0.0,1
Leganés,Rubén Pérez,1,37,27,Right,33.7,19.8,51.0,4.0,21.1,5.7,1
Real Madrid,Casemiro,1,37,34,Back,47.0,97.2,46.9,85.1,8.2,4.7,1
Real Madrid,Marco Asensio,1,37,37,Center,59.5,73.4,63.5,60.6,9.7,5.2,1
Leganés,Rubén Pérez,1,37,41,Right,45.9,20.3,53.6,4.6,13.4,5.4,1
Real Madrid,Karim Benzema,1,37,49,Left,57.4,95.3,51.2,83.2,10.5,4.0,1
Real Madrid,Toni Kroos,1,37,51,Center,51.7,76.0,59.6,52.5,18.0,5.2,1
Real Madrid,Marco Asensio,1,37,54,Right,63.0,37.7,87.9,0.0,37.6,5.5,0
Leganés,Jonathan Silva,1,38,16,Left,20.7,100.0,57.5,92.7,39.1,6.1,0
Real Madrid,Raphael Varane,1,38,19,Right,44.1,9.5,59.9,17.4,17.4,0.3,0
Leganés,Gerard Gumbau,1,38,21,Back,39.1,94.8,47.8,96.0,9.2,0.1,1
Leganés,Guido Carrillo,1,38,22,Back,47.8,96.0,49.7,85.7,7.3,5.0,1
Real Madrid,Luka Modric,1,38,24,Right,55.3,9.9,58.7,14.1,4.6,0.7,1
Real Madrid,Daniel Carvajal,1,38,25,Center,57.5,14.6,54.4,23.6,6.9,2.1,1
Real Madrid,Toni Kroos,1,38,27,Center,53.7,23.7,56.8,40.8,12.1,1.3,1
Real Madrid,Gareth Bale,1,38,29,Center,57.0,40.8,86.0,37.5,30.5,6.2,0
Leganés,Iván Cuéllar,1,38,34,Back,13.3,60.3,37.2,5.5,44.9,5.3,1
Leganés,Juanfran,1,38,39,Back,45.7,3.7,38.2,17.1,12.0,2.3,1
Leganés,Rubén Pérez,1,38,42,Back,35.1,13.7,46.6,15.8,12.2,0.1,1
Leganés,Nabil El Zhar,1,38,42,Back,46.6,15.8,45.3,1.6,9.8,4.6,1
Leganés,Juanfran,1,38,44,Right,46.2,2.9,56.2,13.2,12.6,0.6,1
Real Madrid,Toni Kroos,1,38,47,Center,55.5,74.5,63.8,70.5,9.1,6.0,1
Real Madrid,Karim Benzema,1,38,49,Center,67.0,64.9,68.9,50.1,10.3,4.9,1
Real Madrid,Marco Asensio,1,38,51,Left,66.5,53.1,91.9,86.3,34.9,0.7,1
Real Madrid,Gareth Bale,1,38,56,Center,91.9,86.2,85.0,61.7,18.2,4.3,1
Real Madrid,Toni Kroos,1,38,58,Center,85.5,62.0,99.0,32.2,24.7,5.3,0
Leganés,Iván Cuéllar,1,39,1,Back,4.3,68.5,19.0,86.2,19.6,0.7,1
Leganés,Jonathan Silva,1,39,7,Left,42.6,97.8,91.4,85.4,51.9,6.1,1
Real Madrid,Daniel Carvajal,1,39,16,Back,8.2,27.7,15.7,34.6,9.2,0.5,1
Real Madrid,Casemiro,1,39,18,Back,16.1,35.9,23.2,75.6,28.0,1.3,1
Real Madrid,Marcelo,1,39,22,Back,23.6,76.7,42.9,96.6,24.4,0.6,1
Real Madrid,Gareth Bale,1,39,27,Back,39.3,82.9,34.6,63.6,14.0,4.4,1
Real Madrid,Casemiro,1,39,30,Back,35.8,52.1,39.2,31.0,14.8,5.0,1
Real Madrid,Luka Modric,1,39,33,Right,42.3,29.7,63.7,4.6,28.2,5.6,1
Real Madrid,Daniel Carvajal,1,39,37,Center,75.3,13.2,67.0,23.9,11.4,2.4,1
Real Madrid,Luka Modric,1,39,40,Right,73.2,28.8,80.2,13.5,12.7,5.3,1
Real Madrid,Daniel Carvajal,1,39,44,Center,85.8,17.6,79.6,24.0,7.8,2.6,1
Real Madrid,Luka Modric,1,39,46,Center,80.3,23.0,91.5,54.8,24.6,1.1,0
Real Madrid,Marcelo,1,40,3,Left,87.5,100.0,77.4,96.6,11.2,3.5,1
Real Madrid,Sergio Ramos,1,40,6,Left,76.6,94.4,60.8,81.2,18.9,3.6,1
Real Madrid,Raphael Varane,1,40,7,Center,56.3,66.0,65.1,40.0,19.9,5.2,1
Real Madrid,Casemiro,1,40,10,Center,67.4,41.5,60.9,58.4,13.4,2.1,1
Real Madrid,Raphael Varane,1,40,12,Left,63.3,61.8,85.1,97.1,33.2,0.8,1
Leganés,Javier Eraso,1,40,19,Back,14.5,18.0,7.4,20.2,7.6,2.9,1
Leganés,Juanfran,1,40,20,Back,5.0,29.3,4.4,38.8,6.5,1.7,1
Leganés,Unai Bustinza,1,40,22,Back,4.0,38.6,43.7,6.4,47.1,5.8,0
Real Madrid,Sergio Ramos,1,40,27,Center,59.0,85.1,59.2,62.4,15.4,4.7,1
Real Madrid,Casemiro,1,40,31,Center,63.4,56.0,70.5,38.9,13.8,5.3,1
Real Madrid,Luka Modric,1,40,37,Center,67.3,45.4,65.1,53.4,5.9,2.0,1
Real Madrid,Toni Kroos,1,40,38,Center,65.1,53.4,70.3,21.2,22.6,5.0,1
Leganés,Iván Cuéllar,1,41,16,Left,5.0,59.4,68.7,93.0,70.7,0.3,1
Leganés,Guido Carrillo,1,41,20,Left,68.2,92.4,76.1,80.0,11.8,5.5,0
Real Madrid,Daniel Carvajal,1,41,21,Back,26.7,21.3,27.4,44.5,15.8,1.5,1
Real Madrid,Sergio Ramos,1,41,22,Back,27.4,43.4,47.7,24.7,24.8,5.7,0
Leganés,Jonathan Silva,1,41,24,Left,54.7,86.2,69.8,88.0,15.9,0.1,0
Real Madrid,Daniel Carvajal,1,41,25,Back,29.3,20.2,38.2,30.1,11.5,0.6,1
Real Madrid,Toni Kroos,1,41,27,Back,37.0,26.4,24.8,34.2,13.9,2.7,1
Real Madrid,Raphael Varane,1,41,29,Back,25.5,45.2,43.6,91.5,36.8,1.0,1
Real Madrid,Marcelo,1,41,33,Left,44.6,91.8,54.7,98.3,11.5,0.4,1
Real Madrid,Marco Asensio,1,41,37,Left,57.5,95.9,51.8,82.1,11.1,4.1,1
Real Madrid,Sergio Ramos,1,41,43,Center,60.0,67.2,59.5,75.6,5.7,1.7,1
Real Madrid,Toni Kroos,1,41,45,Left,58.7,71.4,68.9,82.3,13.0,0.6,1
Real Madrid,Marco Asensio,1,41,48,Center,74.5,77.3,96.3,33.6,37.5,5.4,1
Real Madrid,Toni Kroos,1,42,15,Center,99.5,99.5,89.7,60.2,28.6,4.3,1
Leganés,Iván Cuéllar,1,42,48,Left,5.5,59.6,70.2,100.0,73.6,0.4,0
Real Madrid,Daniel Carvajal,1,43,26,Back,30.5,0.0,25.9,35.7,26.0,1.8,1
Real Madrid,Raphael Varane,1,43,28,Back,25.7,37.4,32.4,63.9,19.3,1.2,1
Real Madrid,Sergio Ramos,1,43,30,Left,36.3,62.7,52.3,94.7,27.5,0.9,1
Real Madrid,Marcelo,1,43,35,Back,52.7,96.8,46.8,70.3,19.1,4.4,1
Real Madrid,Toni Kroos,1,43,37,Center,46.7,66.4,56.4,77.6,12.7,0.6,1
Real Madrid,Karim Benzema,1,43,39,Back,55.5,76.3,46.1,21.6,38.5,4.5,1
Real Madrid,Raphael Varane,1,43,43,Right,48.2,17.4,58.4,3.4,14.3,5.6,1
Real Madrid,Daniel Carvajal,1,43,45,Right,60.7,2.8,67.4,2.8,7.0,0,1
Real Madrid,Gareth Bale,1,43,47,Right,67.6,2.8,82.6,2.2,15.8,6.3,1
Real Madrid,Daniel Carvajal,1,43,53,Right,91.9,2.0,79.4,3.8,13.2,3.0,1
Real Madrid,Gareth Bale,1,43,56,Right,76.8,4.9,71.0,14.1,8.7,2.3,1
Real Madrid,Luka Modric,1,43,58,Center,68.9,15.5,76.3,25.8,10.5,0.7,1
Real Madrid,Gareth Bale,1,44,0,Center,71.3,28.3,71.6,31.8,2.4,1.4,0
Leganés,Iván Cuéllar,1,44,36,Left,22.7,14.3,64.9,79.0,62.4,0.8,1
Leganés,Guido Carrillo,1,44,40,Left,64.2,80.5,73.3,86.9,10.5,0.4,1
Leganés,Michael Santos,1,44,41,Left,73.4,88.0,88.9,90.8,16.4,0.1,1
Leganés,Javier Eraso,1,44,45,Left,87.6,96.9,72.4,95.6,16.0,3.2,1
Leganés,Gerard Gumbau,1,44,46,Left,71.9,95.3,86.0,89.9,15.3,6.0,1
Leganés,Michael Santos,1,44,48,Left,81.2,93.6,89.5,100.0,10.1,0.5,0
Real Madrid,Daniel Carvajal,1,44,58,Back,11.2,0.0,25.7,3.5,15.6,0.2,1
Real Madrid,Gareth Bale,1,45,0,Back,25.9,5.0,23.6,4.8,2.4,3.2,0
Real Madrid,Gareth Bale,1,45,5,Back,31.5,0.0,7.3,14.1,27.6,2.7,1
Real Madrid,Raphael Varane,1,45,7,Back,5.7,14.6,3.0,46.3,21.7,1.7,1
Real Madrid,Thibaut Courtois,1,45,11,Back,7.7,57.3,25.7,81.1,24.9,0.7,1
Real Madrid,Sergio Ramos,1,45,18,Back,42.9,81.5,47.1,97.7,11.9,1.2,1
Real Madrid,Marcelo,1,45,21,Back,46.4,95.3,41.9,79.6,11.7,4.3,1
Real Madrid,Sergio Ramos,1,45,24,Back,44.0,71.4,46.0,11.7,40.7,4.8,1
Real Madrid,Daniel Carvajal,1,45,28,Right,59.8,13.7,72.9,2.8,15.6,5.8,1
Real Madrid,Gareth Bale,1,45,32,Right,68.8,3.2,62.3,17.3,11.8,2.2,1
Real Madrid,Luka Modric,1,45,35,Center,56.6,33.2,54.4,57.1,16.4,1.7,1
Real Madrid,Toni Kroos,1,45,38,Right,55.0,53.6,85.9,9.2,44.3,5.5,1
Real Madrid,Karim Benzema,1,45,42,Center,90.9,12.6,98.1,27.0,12.4,0.9,1
Real Madrid,Daniel Carvajal,1,45,43,Center,98.2,27.1,97.0,32.2,3.7,1.9,0
Real Madrid,Toni Kroos,1,46,3,Center,99.5,0.5,97.0,41.3,27.9,1.7,0
Real Madrid,Marcelo,1,46,9,Center,73.5,77.9,97.0,31.2,40.2,5.4,1
Leganés,Javier Eraso,2,45,1,Back,49.7,49.9,29.6,38.9,22.4,3.5,1
Leganés,Unai Bustinza,2,45,5,Left,32.7,37.0,65.6,80.8,45.6,0.7,1
Leganés,Guido Carrillo,2,45,8,Left,65.6,80.8,76.9,100.0,18.3,0.9,0
Real Madrid,Daniel Carvajal,2,45,15,Back,16.0,0.0,9.1,24.2,18.7,2.0,1
Real Madrid,Raphael Varane,2,45,17,Back,9.2,23.7,18.1,1.3,17.9,5.3,1
Real Madrid,Daniel Carvajal,2,45,20,Back,18.5,1.3,34.8,9.2,17.9,0.3,1
Real Madrid,Luka Modric,2,45,22,Back,34.9,9.1,32.7,2.9,4.8,4.2,1
Real Madrid,Gareth Bale,2,45,26,Right,34.7,2.0,55.2,4.6,21.6,0.1,1
Leganés,Gerard Gumbau,2,45,36,Back,11.9,95.6,16.3,93.9,4.8,6.0,0
Leganés,Rubén Pérez,2,45,38,Back,22.8,87.4,31.6,87.4,9.2,0,1
Leganés,Guido Carrillo,2,45,41,Back,34.4,93.2,40.0,92.4,5.9,6.2,0
Leganés,Jonathan Silva,2,45,55,Left,52.8,100.0,71.4,89.0,21.3,5.9,0
Real Madrid,Raphael Varane,2,45,58,Back,21.3,11.3,43.1,23.1,24.3,0.3,0
Leganés,Rubén Pérez,2,46,1,Center,58.4,74.5,60.1,54.8,13.5,4.8,0
Real Madrid,Marco Asensio,2,46,10,Left,65.6,84.4,53.9,83.8,12.3,3.2,1
Real Madrid,Marcelo,2,46,12,Center,54.3,83.2,54.1,70.2,8.8,4.7,1
Real Madrid,Sergio Ramos,2,46,15,Center,51.1,64.9,54.3,31.3,23.1,4.9,1
Real Madrid,Luka Modric,2,46,18,Right,55.3,24.3,59.3,3.2,15.0,5.0,1
Real Madrid,Daniel Carvajal,2,46,22,Right,63.5,12.8,67.8,4.1,7.4,5.4,1
Real Madrid,Gareth Bale,2,46,26,Right,71.5,5.9,76.7,18.2,10.0,1.0,1
Real Madrid,Daniel Carvajal,2,46,27,Center,76.7,18.2,61.3,24.0,16.6,2.9,1
Real Madrid,Luka Modric,2,46,30,Center,66.5,25.2,61.2,36.7,9.6,2.2,1
Real Madrid,Casemiro,2,46,33,Center,61.8,37.4,65.3,70.8,23.0,1.4,1
Real Madrid,Toni Kroos,2,46,35,Left,65.4,70.9,83.8,93.6,24.7,0.7,1
Real Madrid,Marco Asensio,2,46,38,Center,80.2,90.8,72.7,75.6,13.0,4.1,1
Real Madrid,Toni Kroos,2,46,40,Center,72.9,72.1,71.2,30.1,28.6,4.6,1
Real Madrid,Luka Modric,2,46,43,Center,71.2,28.9,76.3,28.6,5.4,6.2,1
Real Madrid,Karim Benzema,2,46,44,Center,76.3,28.6,77.9,31.0,2.3,0.8,0
Real Madrid,Raphael Varane,2,46,57,Back,33.6,23.1,39.2,51.3,20.1,1.3,1
Real Madrid,Toni Kroos,2,46,59,Center,37.1,59.0,59.3,63.3,23.5,0.1,1
Real Madrid,Marco Asensio,2,47,3,Left,64.8,67.0,68.5,85.9,13.4,1.3,1
Real Madrid,Marcelo,2,47,5,Left,77.0,84.1,93.3,89.0,17.4,0.2,1
Real Madrid,Marco Asensio,2,47,9,Center,93.9,89.2,91.2,47.4,28.6,4.6,1
Leganés,Guido Carrillo,2,50,3,Back,49.8,49.9,36.2,51.9,14.3,3.0,1
Real Madrid,Toni Kroos,2,50,23,Back,37.7,19.0,29.5,45.6,20.0,2.0,1
Real Madrid,Sergio Ramos,2,50,25,Back,30.4,53.4,29.8,82.4,19.7,1.6,1
Real Madrid,Marcelo,2,50,28,Left,33.3,89.1,86.9,88.4,56.3,6.3,0
Leganés,Iván Cuéllar,2,50,57,Right,4.9,44.5,59.8,16.2,60.8,6.0,1
Leganés,Guido Carrillo,2,51,2,Center,60.5,16.1,57.1,65.7,33.9,1.7,0
Real Madrid,Daniel Carvajal,2,51,7,Center,65.2,26.6,70.1,29.3,5.5,0.3,1
Leganés,Dimitrios Siovas,2,51,10,Back,24.5,76.0,31.6,75.6,7.5,6.2,1
Leganés,Rubén Pérez,2,51,12,Center,37.3,77.9,53.5,77.9,17.0,0,1
Leganés,Jonathan Silva,2,52,1,Center,54.7,79.4,85.2,28.2,47.3,5.5,1
Real Madrid,Thibaut Courtois,2,52,16,Back,3.6,51.5,15.1,18.0,25.8,5.2,1
Real Madrid,Raphael Varane,2,52,20,Back,26.4,4.4,34.5,2.9,8.6,6.2,1
Real Madrid,Gareth Bale,2,52,23,Back,32.8,6.5,22.5,23.7,15.9,2.3,1
Real Madrid,Daniel Carvajal,2,52,25,Back,22.3,25.3,14.4,74.4,34.4,1.8,1
Real Madrid,Sergio Ramos,2,52,29,Back,12.3,75.3,6.2,48.8,19.1,4.4,1
Real Madrid,Thibaut Courtois,2,52,32,Back,6.2,48.8,15.1,24.1,19.2,5.2,1
Real Madrid,Daniel Carvajal,2,52,33,Back,15.2,23.1,19.3,2.8,14.5,5.0,1
Real Madrid,Raphael Varane,2,52,36,Back,19.9,6.1,10.9,19.1,12.9,2.4,1
Real Madrid,Daniel Carvajal,2,52,38,Back,10.8,18.9,13.0,1.6,12.0,4.9,1
Real Madrid,Raphael Varane,2,52,42,Back,24.0,11.0,10.8,19.5,15.0,2.7,1
Real Madrid,Daniel Carvajal,2,52,44,Back,12.2,24.3,7.2,75.7,35.3,1.7,1
Real Madrid,Sergio Ramos,2,52,50,Back,7.8,76.6,12.4,95.0,13.4,1.2,1
Real Madrid,Marcelo,2,52,52,Back,12.2,94.8,0.0,59.4,28.1,4.2,0
Leganés,Javier Eraso,2,53,29,Center,99.5,0.5,87.7,55.2,39.2,1.9,1
Real Madrid,Casemiro,2,53,37,Center,18.9,30.7,56.7,77.5,50.9,0.7,1
Real Madrid,Karim Benzema,2,53,44,Center,72.2,76.0,73.3,57.0,13.0,4.8,1
Real Madrid,Toni Kroos,2,53,46,Center,73.3,56.3,79.8,35.2,15.9,5.2,1
Leganés,Iván Cuéllar,2,54,23,Center,12.4,50.4,85.2,71.2,77.7,0.2,0
Real Madrid,Thibaut Courtois,2,54,30,Back,14.4,39.4,39.6,95.6,46.5,1.0,1
Real Madrid,Marcelo,2,54,37,Right,42.5,95.9,60.5,8.0,62.7,5.0,0
Leganés,Michael Santos,2,54,42,Back,29.7,95.3,13.4,95.0,17.1,3.2,1
Leganés,Jonathan Silva,2,54,45,Back,10.1,94.2,14.5,93.0,4.7,6.1,0
Leganés,Jonathan Silva,2,55,4,Back,17.3,100.0,31.0,95.0,15.2,6.0,0
Real Madrid,Casemiro,2,55,7,Center,61.7,10.2,55.4,23.1,11.0,2.2,1
Real Madrid,Sergio Ramos,2,55,9,Center,55.4,33.1,59.4,33.6,4.2,0.1,1
Real Madrid,Toni Kroos,2,55,11,Center,59.4,33.6,51.7,22.4,11.1,3.9,1
Real Madrid,Raphael Varane,2,55,15,Right,46.1,32.1,53.9,4.4,20.5,5.1,1
Real Madrid,Daniel Carvajal,2,55,17,Right,53.9,4.4,65.5,2.2,12.3,6.2,1
Real Madrid,Gareth Bale,2,55,20,Right,65.5,2.2,84.9,2.6,20.4,0.0,1
Real Madrid,Gareth Bale,2,55,36,Right,84.6,0.0,81.3,5.5,6.2,2.2,1
Real Madrid,Luka Modric,2,55,37,Right,81.3,6.1,82.0,2.2,2.8,5.0,0
Leganés,Jonathan Silva,2,55,52,Back,20.0,100.0,46.7,94.8,28.5,6.1,0
Real Madrid,Raphael Varane,2,55,56,Right,54.0,3.7,55.3,6.2,2.2,0.9,1
Real Madrid,Casemiro,2,55,59,Right,55.3,6.2,55.4,1.1,3.5,4.7,1
Real Madrid,Daniel Carvajal,2,56,0,Right,55.4,1.7,65.6,2.8,10.7,0.1,0
Leganés,Gerard Gumbau,2,56,1,Back,33.0,94.6,46.2,89.2,14.3,6.0,1
Leganés,Javier Eraso,2,56,3,Back,47.4,91.1,41.0,90.5,6.7,3.2,1
Leganés,Guido Carrillo,2,56,4,Back,41.7,90.8,35.9,87.4,6.5,3.5,1
Leganés,Rubén Pérez,2,56,5,Left,42.2,83.1,53.8,84.7,12.2,0.1,0
Real Madrid,Casemiro,2,56,7,Back,45.6,16.9,14.0,30.3,34.4,2.9,1
Real Madrid,Thibaut Courtois,2,56,13,Back,13.6,39.4,30.5,16.4,23.7,5.6,1
Real Madrid,Raphael Varane,2,56,16,Back,33.6,20.6,41.9,95.0,51.3,1.4,1
Real Madrid,Marcelo,2,56,20,Left,56.2,92.4,57.5,84.4,5.6,5.0,1
Real Madrid,Karim Benzema,2,56,23,Back,54.6,89.4,41.3,78.5,15.8,3.6,1
Real Madrid,Sergio Ramos,2,56,27,Right,39.6,70.2,54.7,2.5,48.7,5.0,1
Real Madrid,Raphael Varane,2,56,36,Back,41.0,9.1,44.2,31.6,15.7,1.4,1
Real Madrid,Luka Modric,2,56,39,Back,44.3,35.5,35.6,62.0,20.2,2.0,1
Real Madrid,Sergio Ramos,2,56,41,Back,36.6,63.3,39.7,80.9,12.4,1.3,1
Real Madrid,Toni Kroos,2,56,44,Back,37.7,77.2,46.7,34.6,30.5,5.0,1
Real Madrid,Luka Modric,2,56,48,Center,48.2,35.5,53.9,29.7,7.2,5.7,1
Real Madrid,Marco Asensio,2,56,50,Right,52.2,9.7,57.1,1.3,7.7,5.4,1
Real Madrid,Daniel Carvajal,2,56,53,Right,57.1,1.3,60.7,17.7,11.8,1.2,1
Real Madrid,Luka Modric,2,56,54,Right,60.7,17.7,56.5,13.7,5.2,3.7,1
Real Madrid,Gareth Bale,2,56,56,Left,55.1,18.8,77.9,91.5,54.9,1.1,1
Real Madrid,Casemiro,2,57,9,Center,75.6,56.4,70.8,63.4,6.9,2.4,1
Real Madrid,Toni Kroos,2,57,10,Center,70.8,64.5,60.9,30.0,25.7,4.3,1
Real Madrid,Luka Modric,2,57,13,Right,60.7,30.0,65.8,9.4,15.0,5.1,1
Real Madrid,Daniel Carvajal,2,57,15,Right,66.8,9.4,61.6,20.9,9.5,2.2,1
Real Madrid,Luka Modric,2,57,20,Right,66.4,24.9,83.5,19.7,18.3,6.1,1
Real Madrid,Daniel Carvajal,2,57,23,Center,87.1,19.5,82.1,53.6,23.8,1.8,1
Leganés,Iván Cuéllar,2,57,54,Left,3.7,55.1,54.5,93.3,59.3,0.5,0
Real Madrid,Casemiro,2,57,59,Right,43.4,4.4,74.4,6.2,32.6,0.0,0
Leganés,Dimitrios Siovas,2,58,3,Back,23.5,92.7,27.5,79.9,9.7,5.2,1
Leganés,Rubén Pérez,2,58,5,Back,27.5,79.9,22.5,92.7,10.2,2.1,1
Leganés,Dimitrios Siovas,2,58,6,Back,22.6,88.6,11.1,60.6,22.5,4.1,1
Leganés,Iván Cuéllar,2,58,9,Back,12.2,60.3,21.4,0.0,43.5,4.9,0
Real Madrid,Marco Asensio,2,58,16,Left,78.4,100.0,80.8,81.5,14.1,4.9,0
Leganés,Unai Bustinza,2,58,19,Back,22.9,21.6,33.8,24.6,11.6,0.2,1
Leganés,Javier Eraso,2,58,21,Back,32.2,28.5,47.0,27.4,15.6,6.2,1
Leganés,Unai Bustinza,2,58,24,Center,48.0,44.6,62.7,75.0,25.8,0.9,0
Real Madrid,Daniel Carvajal,2,58,28,Right,39.0,24.4,65.4,1.9,31.7,5.8,1
Real Madrid,Gareth Bale,2,58,31,Center,79.7,4.6,91.6,48.5,32.4,1.2,0
Leganés,Iván Cuéllar,2,58,35,Back,8.7,60.0,21.4,90.8,24.8,1.0,1
Leganés,Jonathan Silva,2,58,41,Back,31.6,94.5,31.6,76.6,12.2,4.7,1
Leganés,Rubén Pérez,2,58,44,Right,32.5,62.6,50.2,10.6,39.9,5.2,1
Leganés,Nabil El Zhar,2,58,50,Right,65.2,20.9,71.0,4.4,12.8,5.2,1
Leganés,Juanfran,2,58,54,Center,73.0,6.4,87.0,64.3,42.0,1.2,0
Real Madrid,Thibaut Courtois,2,59,25,Back,13.0,50.3,34.3,15.9,32.4,5.5,1
Real Madrid,Raphael Varane,2,59,27,Center,38.0,9.1,72.0,49.9,45.2,0.7,1
Leganés,Dimitrios Siovas,2,59,32,Back,21.4,73.0,30.6,91.8,16.0,0.9,1
Leganés,Jonathan Silva,2,59,37,Center,28.9,95.6,51.1,69.1,29.5,5.6,0
Real Madrid,Casemiro,2,59,39,Center,45.9,34.0,55.0,38.0,9.9,0.3,1
Real Madrid,Toni Kroos,2,59,41,Back,55.0,38.0,31.8,57.2,27.6,2.6,1
Real Madrid,Sergio Ramos,2,59,44,Back,31.4,59.3,20.5,62.4,11.6,3.0,1
Real Madrid,Thibaut Courtois,2,59,45,Back,21.3,62.6,28.7,68.7,8.8,0.5,1
Real Madrid,Sergio Ramos,2,59,47,Back,33.2,68.4,40.5,69.1,7.7,0.1,1
Real Madrid,Toni Kroos,2,59,51,Back,38.5,82.4,29.3,69.9,12.9,3.9,1
Real Madrid,Sergio Ramos,2,59,53,Back,32.7,63.3,44.9,28.8,26.7,5.2,1
Real Madrid,Luka Modric,2,59,57,Right,44.0,23.3,54.6,2.9,17.8,5.4,1
Real Madrid,Daniel Carvajal,2,59,59,Right,55.9,4.1,57.1,17.9,9.5,1.4,1
Real Madrid,Karim Benzema,2,60,0,Right,57.1,17.9,68.0,15.2,11.6,6.1,0
Leganés,Jonathan Silva,2,60,2,Left,27.2,92.6,53.2,93.0,27.3,0.0,0
Real Madrid,Luka Modric,2,60,6,Back,47.0,8.6,34.5,22.4,16.1,2.5,1
Real Madrid,Raphael Varane,2,60,8,Back,33.5,23.1,39.1,64.5,28.8,1.4,1
Real Madrid,Sergio Ramos,2,60,12,Center,52.9,63.4,60.7,64.3,8.2,0.1,1
Real Madrid,Marco Asensio,2,60,13,Left,60.6,64.5,52.3,80.9,14.2,2.2,1
Real Madrid,Toni Kroos,2,60,18,Back,53.5,70.2,46.6,41.3,20.9,4.4,1
Real Madrid,Raphael Varane,2,60,19,Center,46.6,41.3,52.0,27.6,10.9,5.3,1
Real Madrid,Luka Modric,2,60,21,Right,54.1,24.0,68.2,1.9,21.1,5.5,1
Real Madrid,Daniel Carvajal,2,60,25,Right,69.2,3.1,65.5,18.9,11.4,1.9,1
Real Madrid,Luka Modric,2,60,27,Center,65.5,19.1,66.3,36.0,11.5,1.5,1
Real Madrid,Gareth Bale,2,60,29,Left,67.0,39.2,81.3,96.2,41.6,1.2,1
Leganés,Juanfran,2,60,34,Back,32.2,12.9,38.5,28.3,12.4,1.0,0
Real Madrid,Casemiro,2,60,38,Center,63.3,67.5,54.2,73.8,10.5,2.7,1
Real Madrid,Sergio Ramos,2,60,39,Left,54.2,73.8,60.0,88.9,11.9,1.0,1
Real Madrid,Toni Kroos,2,60,40,Center,60.2,89.1,66.3,78.1,9.8,5.4,1
Real Madrid,Marcelo,2,60,42,Left,67.3,80.0,67.8,95.6,10.6,1.5,1
Real Madrid,Marco Asensio,2,60,43,Center,68.6,97.4,78.2,70.5,20.9,5.2,1
Real Madrid,Gareth Bale,2,60,45,Left,78.1,71.4,81.0,80.8,7.1,1.1,1
Real Madrid,Marcelo,2,60,47,Center,84.6,80.0,81.7,64.8,10.8,4.4,1
Real Madrid,Karim Benzema,2,60,49,Center,80.9,64.9,86.9,51.1,11.3,5.3,1
Real Madrid,Luka Modric,2,60,50,Center,86.2,52.0,81.6,54.6,5.1,2.8,1
Leganés,Michael Santos,2,62,2,Back,49.6,49.3,31.0,43.6,19.9,3.3,1
Leganés,Unai Bustinza,2,62,5,Back,31.9,43.7,32.7,72.3,19.5,1.5,1
Leganés,Dimitrios Siovas,2,62,7,Back,32.0,73.5,41.6,61.1,13.1,5.6,1
Leganés,Rubén Pérez,2,62,10,Back,44.4,55.5,47.3,5.6,34.1,4.8,1
Leganés,Juanfran,2,62,14,Back,31.4,7.7,22.6,12.5,9.8,2.8,1
Leganés,Unai Bustinza,2,62,16,Right,20.7,8.0,50.7,0.0,32.2,6.1,0
Real Madrid,Marcelo,2,62,25,Left,44.9,100.0,62.6,89.4,20.4,5.9,0
Leganés,Guido Carrillo,2,62,40,Center,61.0,69.0,53.8,68.4,7.6,3.2,1
Leganés,Gerard Gumbau,2,62,43,Right,56.8,66.9,71.2,6.4,43.8,5.1,1
Leganés,Juanfran,2,62,47,Center,77.7,8.2,87.4,37.1,22.1,1.1,0
Leganés,Juanfran,2,62,55,Back,67.9,12.6,47.7,12.2,21.2,3.2,1
Leganés,Unai Bustinza,2,62,57,Back,47.7,12.2,44.9,56.4,30.2,1.7,1
Leganés,Dimitrios Siovas,2,63,1,Center,45.5,57.9,53.4,51.5,9.4,5.8,1
Leganés,Rubén Pérez,2,63,3,Back,52.7,56.3,43.6,71.1,13.9,2.3,1
Leganés,Dimitrios Siovas,2,63,4,Back,44.2,69.7,37.1,26.2,30.5,4.5,1
Leganés,Unai Bustinza,2,63,7,Back,37.1,26.2,46.5,5.9,17.0,5.3,1
Leganés,Juanfran,2,63,10,Back,41.1,8.2,38.9,35.1,18.4,1.7,1
Leganés,Rubén Pérez,2,63,12,Back,38.7,34.5,26.3,25.6,14.4,3.6,1
Leganés,Unai Bustinza,2,63,16,Back,28.0,28.6,26.1,51.0,15.4,1.7,1
Leganés,Rubén Pérez,2,63,17,Back,26.1,51.0,11.2,54.3,15.8,3.0,1
Leganés,Iván Cuéllar,2,63,26,Center,20.2,73.2,68.2,78.5,50.5,0.1,0
Real Madrid,Casemiro,2,63,29,Back,33.3,22.8,37.8,26.5,5.4,0.5,0
Leganés,Javier Eraso,2,63,33,Center,59.3,79.7,51.6,65.4,12.6,4.0,1
Leganés,Rubén Pérez,2,63,36,Center,52.6,49.0,61.3,34.6,13.4,5.5,1
Leganés,Nabil El Zhar,2,63,38,Right,63.3,29.1,72.9,5.3,19.1,5.3,1
Leganés,Juanfran,2,63,41,Center,78.6,3.8,87.6,56.6,37.1,1.3,0
Leganés,Jonathan Silva,2,63,47,Center,84.5,79.6,89.9,41.7,26.4,4.9,1
Real Madrid,Thibaut Courtois,2,64,29,Back,3.3,43.9,29.6,4.4,38.5,5.5,1
Real Madrid,Daniel Carvajal,2,64,30,Back,38.0,3.5,44.4,3.7,6.7,0.0,1
Real Madrid,Gareth Bale,2,64,32,Back,43.2,3.8,46.7,14.5,8.2,1.1,1
Real Madrid,Isco,2,64,34,Back,41.7,17.3,36.3,5.0,10.1,4.1,1
Real Madrid,Daniel Carvajal,2,64,35,Back,36.3,5.0,44.4,4.3,8.5,6.2,1
Real Madrid,Isco,2,64,36,Right,46.2,3.5,64.3,2.8,19.0,6.3,1
Real Madrid,Gareth Bale,2,64,44,Left,85.4,25.3,80.8,91.8,45.5,1.7,1
Real Madrid,Toni Kroos,2,64,49,Center,80.6,88.6,78.8,73.9,10.2,4.5,1
Real Madrid,Marco Asensio,2,64,51,Left,79.2,77.8,86.5,81.4,8.0,0.3,1
Real Madrid,Marcelo,2,64,53,Center,86.8,81.8,97.5,77.0,11.7,6.0,1
Leganés,Guido Carrillo,2,66,46,Back,50.1,50.3,39.8,51.0,10.8,3.1,1
Leganés,Jonathan Silva,2,67,5,Left,63.5,97.1,75.5,96.3,12.6,6.2,1
Leganés,Michael Santos,2,67,7,Left,77.4,95.4,67.7,90.2,10.8,3.5,1
Leganés,Jonathan Silva,2,67,8,Center,67.7,90.2,79.2,70.0,18.3,5.4,1
Real Madrid,Thibaut Courtois,2,67,16,Back,9.3,56.0,20.2,76.9,18.2,0.9,1
Real Madrid,Marcelo,2,67,18,Back,22.3,80.9,29.1,75.6,8.0,5.8,1
Real Madrid,Toni Kroos,2,67,19,Back,30.3,75.1,31.1,95.3,13.8,1.5,1
Real Madrid,Marcelo,2,67,23,Back,34.2,94.5,22.4,76.1,17.6,3.9,1
Real Madrid,Sergio Ramos,2,67,26,Back,21.9,73.6,23.5,27.9,31.1,4.8,1
Real Madrid,Raphael Varane,2,67,29,Back,23.9,26.5,31.5,4.0,17.3,5.2,1
Real Madrid,Daniel Carvajal,2,67,32,Right,31.5,4.1,53.3,2.0,22.9,6.2,1
Real Madrid,Isco,2,67,35,Right,53.3,3.2,53.8,14.0,7.4,1.5,1
Real Madrid,Marco Asensio,2,67,36,Back,53.8,14.0,40.8,3.4,15.4,3.6,1
Real Madrid,Daniel Carvajal,2,67,37,Back,40.8,3.2,34.5,22.5,14.7,2.0,1
Real Madrid,Raphael Varane,2,67,40,Back,33.0,25.0,29.4,61.2,24.9,1.7,1
Real Madrid,Sergio Ramos,2,67,42,Back,29.2,61.5,37.5,62.3,8.7,0.1,1
Real Madrid,Sergio Ramos,2,67,50,Back,24.8,87.4,27.8,85.6,3.4,5.9,1
Real Madrid,Toni Kroos,2,67,52,Back,28.1,85.0,32.5,92.7,7.0,0.8,1
Real Madrid,Marcelo,2,67,54,Right,37.3,92.6,85.5,2.8,79.3,5.4,0
Leganés,Jonathan Silva,2,68,3,Back,15.1,96.3,34.3,89.6,20.7,6.1,0
Leganés,Jonathan Silva,2,68,16,Left,47.5,100.0,61.8,96.6,15.5,6.0,1
Leganés,Guido Carrillo,2,68,20,Left,62.9,95.0,55.3,97.2,8.1,3.0,0
Real Madrid,Daniel Carvajal,2,68,22,Right,46.9,3.8,54.6,4.2,8.1,0.0,1
Leganés,Iván Cuéllar,2,69,18,Left,4.6,51.3,58.4,81.8,60.2,0.4,0
Real Madrid,Casemiro,2,69,22,Back,36.8,20.1,46.8,0.0,18.2,5.3,0
Leganés,Jonathan Silva,2,69,30,Back,54.3,100.0,40.8,88.7,16.8,3.7,1
Leganés,Dimitrios Siovas,2,69,35,Right,40.1,88.9,71.5,20.1,57.2,5.3,1
Real Madrid,Marcelo,2,69,45,Back,19.9,100.0,9.9,88.1,13.7,3.8,1
Real Madrid,Sergio Ramos,2,69,48,Back,7.2,82.4,13.3,23.7,40.4,4.9,1
Real Madrid,Raphael Varane,2,69,52,Back,12.5,22.4,22.2,2.5,16.9,5.4,1
Real Madrid,Daniel Carvajal,2,69,57,Back,33.5,14.0,29.4,27.0,9.8,2.0,1
Real Madrid,Casemiro,2,69,59,Back,31.0,35.2,30.5,55.4,13.7,1.6,1
Real Madrid,Sergio Ramos,2,70,2,Back,30.5,55.4,34.9,73.2,13.0,1.2,1
Real Madrid,Toni Kroos,2,70,4,Left,36.6,76.3,50.4,96.2,19.8,0.8,1
Real Madrid,Marcelo,2,70,6,Left,47.8,93.6,53.4,85.3,8.2,5.5,1
Real Madrid,Karim Benzema,2,70,8,Back,53.4,85.3,37.8,77.6,17.2,3.5,1
Real Madrid,Toni Kroos,2,70,11,Back,37.3,77.8,44.7,62.3,13.1,5.3,1
Real Madrid,Isco,2,70,12,Back,43.7,62.5,36.3,59.0,8.1,3.4,1
Real Madrid,Sergio Ramos,2,70,13,Back,31.9,57.2,35.1,64.6,6.1,1.0,1
Real Madrid,Toni Kroos,2,70,14,Back,35.1,64.6,28.5,52.4,10.8,4.0,1
Real Madrid,Sergio Ramos,2,70,19,Back,27.5,51.3,30.5,25.6,17.8,4.9,1
Real Madrid,Raphael Varane,2,70,21,Right,43.1,12.2,53.6,16.5,11.4,0.3,1
Real Madrid,Marco Asensio,2,70,22,Back,53.6,16.5,42.2,16.1,12.0,3.2,1
Real Madrid,Raphael Varane,2,70,23,Back,43.0,17.4,36.9,31.9,11.8,2.1,1
Real Madrid,Casemiro,2,70,26,Back,36.1,35.5,35.9,65.2,20.2,1.6,1
Real Madrid,Toni Kroos,2,70,28,Center,36.6,65.5,56.2,70.2,20.8,0.2,1
Real Madrid,Gareth Bale,2,70,30,Left,58.4,74.8,73.0,93.8,20.0,0.7,1
Real Madrid,Marcelo,2,70,33,Left,72.4,92.4,57.8,90.3,15.4,3.2,1
Real Madrid,Gareth Bale,2,70,34,Left,57.7,89.6,55.6,81.7,5.8,4.3,1
Real Madrid,Toni Kroos,2,70,37,Center,53.3,76.4,61.3,61.1,13.4,5.4,1
Real Madrid,Isco,2,70,38,Center,61.3,61.4,56.3,78.5,12.8,2.0,1
Real Madrid,Toni Kroos,2,70,41,Left,56.3,80.9,64.0,81.2,8.1,0.0,1
Real Madrid,Marcelo,2,70,42,Left,64.0,81.2,56.6,86.9,8.7,2.7,1
Real Madrid,Toni Kroos,2,70,43,Center,54.6,86.5,53.4,67.3,13.1,4.6,1
Real Madrid,Sergio Ramos,2,70,46,Center,55.8,65.5,56.7,34.3,21.2,4.8,1
Real Madrid,Casemiro,2,70,48,Center,56.7,34.3,59.5,27.9,5.3,5.3,1
Real Madrid,Isco,2,70,51,Center,61.5,24.3,63.8,30.6,4.9,1.1,1
Real Madrid,Karim Benzema,2,70,52,Center,63.8,30.6,55.5,46.6,13.9,2.2,1
Real Madrid,Sergio Ramos,2,70,54,Center,55.2,46.4,58.0,45.4,3.0,6.1,0
Leganés,Guido Carrillo,2,70,55,Back,41.0,66.0,34.6,79.9,11.6,2.2,0
Leganés,Michael Santos,2,70,58,Left,37.3,81.1,55.9,86.5,19.9,0.2,1
Real Madrid,Daniel Carvajal,2,71,3,Back,36.6,3.7,39.8,8.9,4.9,0.8,1
Real Madrid,Casemiro,2,71,7,Back,39.1,17.9,30.9,36.7,15.4,2.2,1
Real Madrid,Sergio Ramos,2,71,11,Left,30.6,42.2,56.1,96.2,45.4,0.9,1
Real Madrid,Marcelo,2,71,14,Left,58.9,96.2,60.7,86.5,6.9,5.0,1
Real Madrid,Gareth Bale,2,71,19,Center,52.7,65.2,61.0,34.0,22.9,5.1,1
Real Madrid,Isco,2,71,21,Right,63.4,30.0,69.2,3.8,18.8,5.0,1
Real Madrid,Daniel Carvajal,2,71,25,Right,72.7,3.7,67.7,13.1,8.3,2.3,1
Real Madrid,Isco,2,71,29,Center,68.8,32.7,69.0,43.6,7.4,1.5,1
Real Madrid,Marco Asensio,2,71,31,Center,69.0,48.5,76.8,57.8,10.3,0.7,1
Real Madrid,Karim Benzema,2,71,32,Center,76.8,57.8,82.2,48.1,8.7,5.4,1
Real Madrid,Isco,2,71,33,Center,81.8,48.2,80.5,58.7,7.3,1.8,1
Leganés,Mikel Vesga,2,71,34,Back,16.1,47.2,13.4,53.6,5.2,2.1,1
Leganés,Juanfran,2,71,37,Back,14.0,34.0,40.9,6.1,34.0,5.7,1
Real Madrid,Toni Kroos,2,71,42,Left,52.2,84.7,59.9,85.9,8.1,0.1,1
Real Madrid,Marcelo,2,71,44,Left,73.8,83.6,90.1,91.4,17.9,0.3,1
Real Madrid,Marco Asensio,2,71,47,Center,90.0,91.3,87.8,29.5,42.1,4.7,1
Leganés,Iván Cuéllar,2,72,19,Center,4.8,43.1,58.8,34.9,57.0,6.2,1
Leganés,Youssef En-Nesyri,2,72,23,Center,60.9,32.8,76.4,29.8,16.4,6.2,0
Real Madrid,Sergio Ramos,2,72,25,Back,20.9,76.4,48.9,63.3,30.7,6.0,0
Leganés,Rubén Pérez,2,72,27,Center,52.8,34.6,60.3,69.9,25.3,1.3,0
Real Madrid,Daniel Carvajal,2,72,30,Right,42.0,33.4,53.2,15.2,17.1,5.5,1
Real Madrid,Gareth Bale,2,72,35,Back,56.1,4.1,48.5,5.9,8.1,3.0,1
Real Madrid,Daniel Carvajal,2,72,37,Back,48.6,6.7,47.4,24.7,12.3,1.7,1
Real Madrid,Isco,2,72,39,Back,47.4,30.1,43.9,64.8,23.9,1.7,1
Real Madrid,Sergio Ramos,2,72,42,Left,44.0,65.2,53.6,88.6,18.8,1.0,1
Real Madrid,Marcelo,2,72,44,Left,55.8,92.1,62.6,96.2,7.7,0.4,1
Real Madrid,Marco Asensio,2,72,50,Back,47.2,81.8,41.8,33.9,33.1,4.5,1
Real Madrid,Raphael Varane,2,72,53,Center,41.4,31.2,53.4,28.8,12.7,6.2,1
Real Madrid,Isco,2,72,55,Right,55.9,17.1,62.6,2.5,12.2,5.3,1
Real Madrid,Daniel Carvajal,2,72,57,Right,64.0,2.6,67.4,6.2,4.3,0.6,1
Real Madrid,Gareth Bale,2,72,59,Right,67.0,5.2,60.3,3.1,7.2,3.3,1
Real Madrid,Daniel Carvajal,2,73,0,Right,60.3,3.1,55.8,10.3,6.8,2.3,1
Real Madrid,Isco,2,73,4,Right,65.1,18.8,72.1,1.3,14.0,5.3,1
Real Madrid,Gareth Bale,2,73,10,Center,86.8,4.1,85.8,21.8,12.1,1.7,1
Real Madrid,Isco,2,73,14,Center,93.2,23.3,97.4,53.9,21.3,1.4,0
Real Madrid,Toni Kroos,2,73,29,Left,99.5,99.5,96.4,93.2,5.4,4.1,1
Real Madrid,Marcelo,2,73,32,Left,92.2,91.5,88.5,90.3,4.0,3.3,1
Real Madrid,Toni Kroos,2,73,33,Center,80.1,79.6,95.7,34.2,34.9,5.2,0
Real Madrid,Isco,2,73,40,Center,73.9,41.3,71.7,23.1,12.6,4.5,1
Real Madrid,Daniel Carvajal,2,73,42,Left,75.1,22.7,97.6,78.9,44.9,1.0,1
Real Madrid,Marcelo,2,73,44,Center,98.9,81.8,94.6,62.5,13.9,4.4,1
Leganés,Youssef En-Nesyri,2,73,53,Back,18.2,19.2,24.2,30.3,9.8,0.9,1
Leganés,Unai Bustinza,2,73,55,Back,26.4,28.0,36.5,11.9,15.2,5.5,1
Real Madrid,Casemiro,2,74,1,Back,24.8,61.1,7.6,51.9,19.1,3.5,1
Real Madrid,Thibaut Courtois,2,74,5,Back,14.6,53.0,26.9,42.8,14.7,5.8,1
Real Madrid,Raphael Varane,2,74,9,Back,29.6,30.9,34.9,33.9,5.9,0.4,1
Real Madrid,Daniel Carvajal,2,74,12,Back,37.4,36.4,46.1,4.9,23.3,5.1,1
Real Madrid,Isco,2,74,15,Right,46.1,4.9,56.2,3.5,10.6,6.2,1
Real Madrid,Gareth Bale,2,74,16,Right,56.4,3.5,58.5,8.8,4.2,1.0,1
Leganés,Jonathan Silva,2,74,19,Back,29.7,90.8,33.2,85.1,5.3,5.5,1
Leganés,Gerard Gumbau,2,74,20,Back,31.0,85.1,31.0,73.0,8.2,4.7,1
Leganés,Rubén Pérez,2,74,24,Right,35.7,40.4,55.3,2.9,32.8,5.4,1
Leganés,Juanfran,2,74,28,Center,67.3,3.7,76.8,32.8,22.2,1.1,1
Leganés,Mikel Vesga,2,74,32,Center,86.1,30.7,77.9,28.8,8.7,3.3,1
Leganés,Unai Bustinza,2,74,42,Back,22.0,20.7,36.9,13.5,16.4,6.0,1
Leganés,Rubén Pérez,2,74,46,Back,40.7,11.3,46.0,30.9,14.4,1.2,1
Leganés,Mikel Vesga,2,74,49,Back,45.9,30.7,38.0,10.9,15.8,4.2,1
Leganés,Rubén Pérez,2,74,50,Back,38.0,10.9,29.6,47.8,26.6,1.9,1
Leganés,Unai Bustinza,2,74,52,Back,29.6,47.8,34.6,72.0,17.3,1.3,1
Leganés,Dimitrios Siovas,2,74,56,Left,37.5,83.6,61.6,97.7,27.1,0.4,1
Leganés,Jonathan Silva,2,75,1,Left,60.7,95.9,63.7,87.4,6.6,5.2,1
Leganés,Michael Santos,2,75,1,Left,64.2,87.1,61.6,98.6,8.3,1.9,1
Leganés,Jonathan Silva,2,75,5,Center,70.8,97.5,95.4,44.1,44.6,5.3,0
Real Madrid,Thibaut Courtois,2,75,13,Back,12.1,51.9,14.5,40.6,8.1,5.0,1
Real Madrid,Casemiro,2,75,14,Back,14.2,39.8,23.1,24.7,13.9,5.5,1
Real Madrid,Isco,2,75,18,Right,26.4,25.2,69.0,4.1,47.0,6.0,1
Real Madrid,Gareth Bale,2,75,27,Center,78.2,25.2,86.1,67.8,30.1,1.3,0
Leganés,Juanfran,2,75,28,Back,10.1,31.2,20.7,38.3,12.1,0.4,1
Leganés,Mikel Vesga,2,75,30,Back,19.6,33.6,32.9,8.0,22.3,5.4,1
Leganés,Youssef En-Nesyri,2,75,33,Back,33.2,9.8,42.4,28.0,15.7,0.9,1
Leganés,Guido Carrillo,2,75,36,Back,39.6,29.4,29.4,46.3,15.7,2.3,1
Leganés,Rubén Pérez,2,75,37,Back,29.4,46.3,39.1,57.2,12.6,0.6,1
Leganés,Gerard Gumbau,2,75,39,Left,38.7,57.9,50.2,93.2,26.9,1.1,1
Leganés,Jonathan Silva,2,75,46,Left,67.0,93.3,55.0,91.7,12.6,3.2,1
Leganés,Gerard Gumbau,2,75,48,Center,55.3,91.4,54.5,69.1,15.2,4.7,1
Leganés,Rubén Pérez,2,75,50,Left,57.8,67.9,57.6,83.9,10.9,1.6,1
Leganés,Gerard Gumbau,2,75,51,Center,57.5,83.2,58.0,70.8,8.4,4.8,1
Leganés,Rubén Pérez,2,75,54,Left,58.9,73.3,58.3,89.4,11.0,1.6,1
Leganés,Gerard Gumbau,2,75,58,Center,60.3,87.7,74.8,43.1,33.9,5.2,0
Real Madrid,Sergio Ramos,2,76,0,Back,24.0,54.0,28.0,64.2,8.1,1.0,1
Real Madrid,Marco Asensio,2,76,1,Back,29.8,64.6,18.7,68.4,11.9,2.9,1
Real Madrid,Marcelo,2,76,4,Back,19.7,70.3,22.3,85.6,10.8,1.3,1
Real Madrid,Marco Asensio,2,76,5,Back,22.6,86.6,19.5,74.5,8.8,4.3,1
Real Madrid,Marcelo,2,76,7,Back,19.3,72.0,22.0,60.5,8.3,5.1,1
Real Madrid,Sergio Ramos,2,76,10,Back,24.8,52.1,19.9,21.5,21.4,4.5,1
Real Madrid,Raphael Varane,2,76,13,Back,23.0,20.1,33.9,2.2,16.7,5.5,1
Real Madrid,Daniel Carvajal,2,76,14,Back,35.2,2.3,32.6,11.3,6.7,2.0,1
Real Madrid,Isco,2,76,17,Back,30.6,16.7,27.1,39.7,16.1,1.8,1
Real Madrid,Sergio Ramos,2,76,19,Back,29.1,40.9,32.4,63.0,15.4,1.3,1
Real Madrid,Toni Kroos,2,76,23,Center,33.3,65.7,54.5,73.6,22.9,0.2,1
Real Madrid,Karim Benzema,2,76,24,Left,54.5,73.6,55.6,81.5,5.5,1.4,1
Real Madrid,Marco Asensio,2,76,31,Center,82.3,51.9,86.2,37.1,10.9,5.1,1
Leganés,Iván Cuéllar,2,77,26,Back,4.9,59.4,27.7,77.3,26.9,0.5,1
Leganés,Dimitrios Siovas,2,77,32,Center,30.0,92.7,69.2,44.0,52.8,5.6,0
Real Madrid,Sergio Ramos,2,77,36,Back,30.8,59.3,29.7,52.7,4.6,4.5,1
Real Madrid,Casemiro,2,77,38,Back,30.0,55.7,33.5,63.9,6.7,1.0,1
Real Madrid,Isco,2,77,39,Back,33.5,63.9,35.9,60.2,3.6,5.5,1
Real Madrid,Toni Kroos,2,77,40,Back,35.9,61.5,31.8,65.7,5.2,2.6,1
Real Madrid,Isco,2,77,42,Back,29.9,60.3,25.7,55.5,5.5,3.8,1
Real Madrid,Casemiro,2,77,43,Back,25.5,55.5,32.5,54.9,7.4,6.2,1
Real Madrid,Isco,2,77,44,Back,32.3,54.2,32.7,19.5,23.6,4.7,1
Real Madrid,Daniel Carvajal,2,77,50,Right,42.9,7.5,50.3,4.4,8.1,6.0,1
Real Madrid,Gareth Bale,2,77,51,Back,50.6,4.4,42.3,14.7,11.2,2.5,1
Real Madrid,Dani Ceballos,2,77,54,Back,42.5,15.2,38.0,32.2,12.5,2.0,1
Real Madrid,Casemiro,2,77,56,Back,37.3,34.2,48.3,29.5,12.0,6.0,1
Real Madrid,Dani Ceballos,2,77,57,Right,53.1,25.3,59.3,4.3,15.7,5.1,1
Real Madrid,Gareth Bale,2,77,59,Right,57.8,4.3,54.4,10.6,5.6,2.3,1
Real Madrid,Dani Ceballos,2,78,1,Back,54.0,18.5,43.7,39.2,17.8,2.2,1
Real Madrid,Casemiro,2,78,4,Back,44.7,39.4,49.0,62.3,16.2,1.3,1
Real Madrid,Toni Kroos,2,78,6,Center,49.7,60.5,55.2,52.8,7.8,5.5,1
Real Madrid,Isco,2,78,8,Left,54.0,57.9,54.5,84.1,17.8,1.5,1
Real Madrid,Sergio Ramos,2,78,11,Left,55.8,85.0,66.4,96.9,13.8,0.6,1
Real Madrid,Marcelo,2,78,12,Left,66.4,96.9,56.3,84.5,13.5,3.8,1
Real Madrid,Sergio Ramos,2,78,12,Center,56.3,84.5,54.7,70.2,9.9,4.5,1
Real Madrid,Isco,2,78,14,Center,53.5,67.0,50.2,53.7,9.7,4.3,1
Real Madrid,Casemiro,2,78,16,Center,50.1,53.7,52.1,70.9,11.9,1.4,1
Real Madrid,Toni Kroos,2,78,19,Center,52.5,71.2,59.8,55.1,13.4,5.3,1
Real Madrid,Dani Ceballos,2,78,20,Center,59.8,55.7,54.0,66.4,9.5,2.3,1
Real Madrid,Toni Kroos,2,78,22,Left,54.5,66.3,72.8,80.8,21.6,0.5,1
Real Madrid,Isco,2,78,24,Left,75.3,84.8,77.2,95.3,7.4,1.3,1
Real Madrid,Marcelo,2,78,25,Left,77.2,95.9,71.6,91.5,6.6,3.6,1
Real Madrid,Karim Benzema,2,78,26,Left,71.7,96.6,60.5,96.6,11.8,3.1,1
Real Madrid,Sergio Ramos,2,78,28,Left,60.5,96.0,69.0,96.3,8.9,0.0,1
Real Madrid,Karim Benzema,2,78,29,Left,69.0,96.3,57.0,80.9,16.4,3.8,1
Real Madrid,Toni Kroos,2,78,31,Center,55.3,75.6,56.2,66.9,6.0,4.9,1
Real Madrid,Dani Ceballos,2,78,33,Center,56.2,66.9,54.9,70.2,2.6,2.1,1
Real Madrid,Toni Kroos,2,78,34,Center,54.9,70.2,55.3,27.9,28.8,4.7,1
Real Madrid,Raphael Varane,2,78,38,Right,60.7,23.1,67.5,3.2,15.3,5.2,1
Real Madrid,Daniel Carvajal,2,78,40,Center,69.4,8.5,67.2,23.3,10.3,1.8,1
Real Madrid,Gareth Bale,2,78,43,Center,72.2,28.3,70.8,38.2,6.9,1.8,1
Real Madrid,Dani Ceballos,2,78,45,Center,70.8,38.8,73.2,57.9,13.2,1.4,1
Real Madrid,Isco,2,78,46,Center,73.2,57.9,70.0,52.2,5.1,4.0,1
Real Madrid,Toni Kroos,2,78,48,Right,69.1,49.3,82.8,2.6,34.9,5.1,1
Leganés,Jonathan Silva,2,78,56,Back,4.1,83.3,22.3,86.0,19.2,0.1,0
Real Madrid,Dani Ceballos,2,78,58,Center,76.7,16.1,61.1,55.2,31.2,2.1,1
Real Madrid,Sergio Ramos,2,79,0,Center,61.0,56.6,71.6,72.4,15.5,0.8,1
Real Madrid,Marcelo,2,79,5,Center,70.8,85.6,66.8,78.2,6.6,4.0,1
Real Madrid,Isco,2,79,8,Right,67.5,72.0,77.8,4.6,47.1,4.9,1
Real Madrid,Daniel Carvajal,2,79,11,Center,77.8,6.5,63.8,22.2,18.2,2.5,1
Real Madrid,Casemiro,2,79,14,Center,63.1,25.5,64.0,47.0,14.7,1.5,1
Real Madrid,Sergio Ramos,2,79,16,Left,65.6,47.5,77.5,84.2,27.9,1.1,1
Real Madrid,Isco,2,79,19,Left,77.5,84.2,82.6,94.1,8.6,0.9,1
Real Madrid,Marcelo,2,79,20,Left,82.6,94.1,93.9,82.0,14.4,5.7,0
Leganés,Unai Bustinza,2,79,25,Right,9.3,5.2,52.0,7.1,44.9,0.0,0
Real Madrid,Sergio Ramos,2,79,27,Left,48.0,87.8,56.4,87.4,8.8,6.3,1
Real Madrid,Toni Kroos,2,79,29,Back,56.4,87.4,38.3,63.3,25.1,3.9,1
Real Madrid,Raphael Varane,2,79,30,Back,39.1,63.3,46.2,55.1,9.3,5.6,1
Real Madrid,Casemiro,2,79,32,Center,46.2,55.1,58.8,56.0,13.2,0.0,1
Real Madrid,Dani Ceballos,2,79,34,Center,60.1,60.6,62.3,75.3,10.3,1.3,1
Real Madrid,Toni Kroos,2,79,36,Left,63.2,77.6,69.0,85.3,8.0,0.7,0
Real Madrid,Isco,2,79,40,Center,63.0,75.3,61.0,64.3,7.8,4.4,1
Real Madrid,Dani Ceballos,2,79,42,Center,61.5,66.3,55.2,35.1,22.2,4.4,1
Real Madrid,Casemiro,2,79,48,Center,55.4,26.2,59.6,59.6,23.1,1.4,1
Real Madrid,Sergio Ramos,2,79,51,Left,61.9,61.2,73.0,97.7,27.4,1.1,1
Real Madrid,Marcelo,2,79,53,Left,73.0,97.7,81.3,80.2,14.7,5.3,1
Real Madrid,Karim Benzema,2,79,54,Center,81.3,80.2,78.8,69.1,8.0,4.4,1
Leganés,Iván Cuéllar,2,81,3,Left,24.2,43.7,57.2,90.6,47.1,0.7,1
Leganés,Gerard Gumbau,2,81,6,Left,57.1,91.1,70.7,100.0,15.9,0.5,0
Real Madrid,Daniel Carvajal,2,81,12,Back,33.6,0.0,33.3,6.2,5.6,1.6,1
Real Madrid,Casemiro,2,81,14,Back,32.9,12.8,15.0,16.2,18.9,3.0,1
Real Madrid,Raphael Varane,2,81,16,Back,14.6,16.2,4.3,43.6,21.5,2.1,1
Real Madrid,Thibaut Courtois,2,81,19,Back,4.1,44.3,16.5,35.2,14.4,5.8,1
Real Madrid,Casemiro,2,81,21,Back,15.2,35.2,4.4,42.7,12.4,2.7,1
Real Madrid,Thibaut Courtois,2,81,23,Back,4.4,42.7,4.1,5.2,25.5,4.7,1
Real Madrid,Raphael Varane,2,81,25,Back,4.4,4.3,36.8,3.1,34.0,6.3,1
Real Madrid,Gareth Bale,2,81,27,Back,36.8,3.1,33.9,8.9,5.0,2.2,1
Real Madrid,Dani Ceballos,2,81,28,Back,33.8,12.2,34.9,28.3,11.0,1.5,1
Real Madrid,Casemiro,2,81,29,Back,34.9,28.3,34.2,54.6,17.9,1.6,1
Real Madrid,Toni Kroos,2,81,34,Center,52.6,64.8,63.6,68.8,11.9,0.2,1
Real Madrid,Karim Benzema,2,81,37,Right,62.6,56.3,78.0,19.1,30.0,5.3,1
Real Madrid,Gareth Bale,2,81,42,Right,73.5,4.2,65.7,11.0,9.4,2.6,1
Real Madrid,Daniel Carvajal,2,81,44,Center,68.1,9.1,80.3,26.0,17.2,0.7,1
Real Madrid,Karim Benzema,2,81,47,Center,77.1,31.8,71.2,53.6,16.1,2.0,1
Real Madrid,Dani Ceballos,2,81,49,Center,75.1,59.9,80.5,66.9,7.4,0.7,1
Real Madrid,Isco,2,81,50,Center,80.5,66.9,79.5,63.0,2.9,4.3,1
Real Madrid,Toni Kroos,2,81,51,Left,80.6,66.0,89.0,85.3,15.8,1.0,1
Real Madrid,Marcelo,2,81,52,Center,89.1,85.3,78.2,74.7,13.5,3.7,1
Real Madrid,Dani Ceballos,2,81,54,Center,78.6,70.0,79.4,65.5,3.2,5.0,1
Real Madrid,Toni Kroos,2,81,55,Center,79.4,65.5,75.9,64.9,3.7,3.3,1
Real Madrid,Dani Ceballos,2,81,58,Left,76.2,76.1,84.5,94.2,15.1,1.0,1
Real Madrid,Marcelo,2,82,0,Left,84.7,94.2,82.3,87.2,5.4,4.2,1
Real Madrid,Isco,2,82,1,Left,82.4,87.2,76.2,83.3,7.0,3.5,1
Real Madrid,Dani Ceballos,2,82,2,Center,76.2,83.3,72.7,76.1,6.1,4.1,1
Real Madrid,Toni Kroos,2,82,3,Left,72.2,76.0,73.5,80.9,3.6,1.2,1
Real Madrid,Dani Ceballos,2,82,6,Right,71.1,77.2,83.1,2.9,52.1,5.0,1
Real Madrid,Gareth Bale,2,82,12,Center,82.7,9.4,89.0,45.1,25.2,1.3,0
Real Madrid,Sergio Ramos,2,82,15,Center,65.2,54.2,71.1,58.1,6.7,0.4,1
Real Madrid,Toni Kroos,2,82,17,Center,71.7,59.0,76.1,62.6,5.2,0.5,1
Real Madrid,Dani Ceballos,2,82,19,Center,74.5,61.8,69.1,58.7,6.0,3.5,1
Real Madrid,Toni Kroos,2,82,21,Right,68.0,56.4,95.5,0.0,49.0,5.3,0
Leganés,Jonathan Silva,2,82,39,Back,8.0,100.0,18.9,93.8,12.7,5.8,1
Leganés,Gerard Gumbau,2,82,41,Back,18.9,93.8,10.5,95.7,8.9,3.0,1
Leganés,Jonathan Silva,2,82,42,Left,10.5,95.7,57.9,88.3,50.0,6.2,0
Real Madrid,Raphael Varane,2,82,43,Back,41.5,7.4,19.2,50.0,37.2,2.3,1
Real Madrid,Thibaut Courtois,2,82,48,Back,22.1,51.2,26.6,8.3,29.6,4.9,1
Real Madrid,Raphael Varane,2,82,52,Back,29.5,5.2,34.7,4.6,5.5,6.2,1
Real Madrid,Casemiro,2,82,56,Back,34.7,4.6,36.0,16.5,8.2,1.4,0
Real Madrid,Dani Ceballos,2,83,0,Back,38.4,25.2,28.1,49.6,19.8,2.1,1
Real Madrid,Sergio Ramos,2,83,1,Left,31.5,49.6,55.0,88.9,36.4,0.8,1
Real Madrid,Marcelo,2,83,5,Left,55.0,89.1,57.5,89.1,2.6,0,0
Leganés,Mikel Vesga,2,83,9,Back,37.7,22.1,33.3,36.3,10.7,2.0,1
Leganés,Rubén Pérez,2,83,12,Back,40.5,36.3,43.6,69.7,22.9,1.4,1
Leganés,Diego Rolan,2,83,17,Left,71.2,82.9,78.4,96.3,11.8,0.9,1
Leganés,Jonathan Silva,2,83,19,Left,78.7,95.9,97.0,85.0,20.6,5.9,1
Real Madrid,Thibaut Courtois,2,84,35,Back,4.8,51.8,8.7,83.5,21.9,1.4,1
Real Madrid,Toni Kroos,2,84,38,Back,12.6,81.1,17.8,84.5,5.9,0.4,1
Leganés,Mikel Vesga,2,84,43,Center,76.0,15.8,68.6,50.9,25.1,1.9,1
Leganés,Gerard Gumbau,2,84,44,Center,67.6,49.0,78.9,47.5,11.9,6.2,1
Leganés,Guido Carrillo,2,84,46,Center,77.3,41.2,67.6,29.7,12.8,3.8,1
Leganés,Rubén Pérez,2,84,48,Center,68.3,28.6,54.3,55.1,23.3,2.3,1
Leganés,Dimitrios Siovas,2,84,50,Left,54.3,55.1,62.2,93.2,27.2,1.3,1
Leganés,Jonathan Silva,2,84,52,Left,61.8,92.4,74.8,96.6,13.9,0.2,1
Real Madrid,Casemiro,2,84,58,Back,13.9,35.8,21.8,34.2,8.4,6.2,1
Real Madrid,Raphael Varane,2,85,5,Back,26.5,33.4,24.2,67.6,23.4,1.7,1
Real Madrid,Sergio Ramos,2,85,8,Back,22.2,67.0,25.9,82.2,11.0,1.2,1
Real Madrid,Marcelo,2,85,11,Back,21.8,83.3,33.2,93.6,13.9,0.5,1
Real Madrid,Isco,2,85,12,Back,28.5,90.9,21.8,83.3,8.7,3.8,1
Real Madrid,Marcelo,2,85,16,Back,26.2,77.8,21.5,62.9,11.3,4.3,1
Real Madrid,Sergio Ramos,2,85,17,Back,21.5,62.9,27.3,70.9,8.2,0.7,1
Real Madrid,Toni Kroos,2,85,19,Back,24.0,71.5,14.4,65.4,10.9,3.5,1
Real Madrid,Sergio Ramos,2,85,26,Back,21.7,54.0,27.0,14.4,27.5,4.9,1
Real Madrid,Raphael Varane,2,85,29,Back,28.8,15.0,38.8,2.0,13.7,5.6,1
Real Madrid,Daniel Carvajal,2,85,30,Back,38.7,2.1,48.7,2.3,10.5,0.0,1
Real Madrid,Lucas Vázquez,2,85,31,Back,45.8,7.5,42.8,25.1,12.4,1.8,1
Real Madrid,Casemiro,2,85,32,Back,43.4,26.8,43.4,18.6,5.6,4.7,0
Leganés,Gerard Gumbau,2,85,36,Center,54.3,78.1,64.7,68.1,12.9,5.7,1
Leganés,Guido Carrillo,2,85,38,Center,62.5,54.5,75.2,31.2,20.7,5.4,1
Real Madrid,Marcelo,2,86,4,Back,13.0,88.8,19.2,37.3,35.6,4.9,1
Real Madrid,Raphael Varane,2,86,9,Back,39.6,22.7,33.9,31.2,8.3,2.4,1
Real Madrid,Casemiro,2,86,11,Back,35.4,27.1,33.2,58.7,21.6,1.7,1
Real Madrid,Sergio Ramos,2,86,12,Back,34.7,61.4,39.2,66.7,5.9,0.7,1
Real Madrid,Toni Kroos,2,86,14,Center,39.2,66.7,51.5,69.0,13.0,0.1,1
Real Madrid,Dani Ceballos,2,86,15,Back,51.4,69.1,40.5,92.9,19.8,2.2,1
Real Madrid,Marcelo,2,86,17,Left,40.1,96.2,56.5,91.2,17.6,6.1,0
Leganés,Juanfran,2,86,20,Back,31.3,3.5,35.0,14.6,8.5,1.1,1
Leganés,Unai Bustinza,2,87,1,Center,44.3,15.9,75.4,67.0,47.7,0.8,0
Real Madrid,Casemiro,2,87,6,Back,23.9,29.4,32.4,29.5,8.9,0.0,1
Real Madrid,Dani Ceballos,2,87,7,Back,33.0,28.8,22.0,18.2,13.6,3.7,1
Real Madrid,Daniel Carvajal,2,87,14,Back,33.6,13.5,32.3,67.0,36.4,1.6,1
Real Madrid,Marcelo,2,87,17,Back,32.3,66.9,45.6,83.5,18.0,0.7,1
Real Madrid,Isco,2,87,19,Back,48.1,81.8,47.7,66.4,10.5,4.7,1
Real Madrid,Toni Kroos,2,87,19,Back,47.7,66.4,46.9,72.0,3.9,1.8,1
Real Madrid,Isco,2,87,23,Right,51.8,65.5,72.8,2.9,47.9,5.2,1
Real Madrid,Lucas Vázquez,2,87,30,Center,96.6,23.6,96.8,26.4,1.9,1.5,0
Real Madrid,Toni Kroos,2,87,45,Right,99.5,0.5,92.1,3.4,8.0,2.9,1
Real Madrid,Lucas Vázquez,2,87,47,Center,89.5,10.7,89.2,28.6,12.2,1.6,0
Real Madrid,Dani Ceballos,2,87,53,Center,77.2,28.8,67.9,23.1,10.5,3.5,1
Real Madrid,Toni Kroos,2,87,54,Center,67.1,23.0,53.6,44.0,20.1,2.4,1
Real Madrid,Casemiro,2,87,56,Center,53.6,45.1,64.0,48.1,11.1,0.2,1
Real Madrid,Dani Ceballos,2,87,59,Center,66.0,52.1,73.3,55.2,7.9,0.3,1
Real Madrid,Karim Benzema,2,88,1,Center,73.3,55.2,71.3,67.2,8.4,1.8,1
Real Madrid,Marcelo,2,88,3,Center,72.5,73.6,90.6,47.8,25.9,5.5,0
Real Madrid,Toni Kroos,2,88,6,Center,74.4,49.5,100.0,32.4,30.8,5.9,0
Leganés,Iván Cuéllar,2,88,33,Left,4.7,56.7,54.9,93.0,58.2,0.4,1
Leganés,Guido Carrillo,2,88,38,Left,54.7,91.5,79.5,96.9,26.3,0.1,0
Real Madrid,Daniel Carvajal,2,88,41,Back,18.2,8.3,21.5,9.4,3.5,0.2,1
Real Madrid,Raphael Varane,2,88,43,Back,30.8,2.9,30.9,5.5,1.8,1.5,0
Real Madrid,Raphael Varane,2,88,49,Back,26.6,5.0,17.4,14.6,11.7,2.5,1
Real Madrid,Daniel Carvajal,2,88,51,Back,21.8,16.4,17.9,54.8,26.4,1.7,1
Real Madrid,Sergio Ramos,2,88,53,Back,17.9,54.8,24.1,89.7,24.6,1.3,1
Real Madrid,Marcelo,2,88,56,Back,24.0,91.1,26.7,83.6,5.8,5.2,1
Real Madrid,Isco,2,88,58,Back,26.7,83.6,22.5,67.0,12.1,4.3,1
Real Madrid,Sergio Ramos,2,88,59,Back,22.6,66.6,27.4,62.1,5.9,5.7,1
Real Madrid,Toni Kroos,2,89,0,Back,27.4,62.1,21.5,63.7,6.3,3.0,1
Real Madrid,Sergio Ramos,2,89,1,Back,21.5,63.7,22.9,22.4,28.1,4.8,1
Real Madrid,Raphael Varane,2,89,3,Back,26.3,23.0,34.6,5.5,14.7,5.3,1
Real Madrid,Daniel Carvajal,2,89,6,Back,29.3,9.9,48.3,21.3,21.4,0.4,1
Real Madrid,Casemiro,2,89,8,Back,49.3,21.7,34.0,19.0,16.2,3.3,1
Real Madrid,Raphael Varane,2,89,12,Back,36.4,25.3,43.3,39.1,11.9,0.9,1
Real Madrid,Dani Ceballos,2,89,14,Back,44.0,45.4,47.5,66.1,14.5,1.3,1
Real Madrid,Toni Kroos,2,89,16,Left,50.4,68.2,54.9,91.7,16.7,1.3,1
Real Madrid,Isco,2,89,18,Left,55.7,94.5,61.4,98.3,6.5,0.4,1
Real Madrid,Marcelo,2,89,19,Left,61.4,98.3,54.2,91.8,8.8,3.7,1
Real Madrid,Isco,2,89,24,Center,52.8,65.4,58.3,39.8,18.3,5.0,1
Real Madrid,Casemiro,2,89,25,Center,58.0,39.7,56.9,50.7,7.6,1.7,1
Real Madrid,Isco,2,89,27,Right,58.4,50.1,79.2,17.2,31.3,5.5,0
Leganés,Jonathan Silva,2,89,29,Back,20.0,87.2,31.7,98.0,14.3,0.5,0
Leganés,Jonathan Silva,2,89,42,Back,33.2,100.0,24.5,92.9,11.0,3.7,1
Leganés,Dimitrios Siovas,2,89,45,Center,25.1,97.2,86.5,63.9,68.3,5.9,0
Real Madrid,Thibaut Courtois,2,89,51,Back,15.3,38.0,31.2,81.1,33.7,1.1,1
Real Madrid,Marcelo,2,89,54,Back,39.6,86.1,47.2,70.3,13.4,5.4,1
Real Madrid,Dani Ceballos,2,89,59,Right,45.6,53.7,72.2,2.5,44.6,5.4,1
Real Madrid,Lucas Vázquez,2,90,4,Right,74.1,7.6,71.0,17.3,7.4,2.0,1
Leganés,Unai Bustinza,2,90,11,Back,2.0,71.2,14.4,76.1,13.4,0.3,1
Leganés,Gerard Gumbau,2,90,12,Back,14.4,75.1,23.6,89.4,13.7,0.8,1
Leganés,Gerard Gumbau,2,90,28,Back,34.5,95.1,32.3,76.4,12.9,4.5,1
Leganés,Rubén Pérez,2,90,31,Back,26.2,71.8,31.8,9.2,43.0,4.8,1
Leganés,Juanfran,2,90,39,Back,37.0,6.4,23.3,24.6,19.0,2.4,1
Leganés,Unai Bustinza,2,90,44,Center,30.6,21.3,71.0,27.3,42.6,0.1,0
Real Madrid,Sergio Ramos,2,90,47,Back,23.0,63.0,29.8,55.1,8.9,5.6,1
Real Madrid,Casemiro,2,90,50,Back,32.9,53.0,38.7,41.6,9.9,5.4,1
Real Madrid,Dani Ceballos,2,90,51,Back,38.7,41.6,36.2,50.7,6.7,2.0,1
Real Madrid,Casemiro,2,90,53,Back,36.1,52.5,39.0,62.6,7.5,1.2,1
Real Madrid,Toni Kroos,2,90,55,Center,39.4,63.7,53.3,66.6,14.7,0.1,1
Real Madrid,Karim Benzema,2,90,57,Left,46.1,73.8,58.9,96.8,20.6,0.9,1
Real Madrid,Marcelo,2,91,0,Back,53.3,96.2,46.4,84.1,11.0,4.0,1
Real Madrid,Toni Kroos,2,91,3,Back,44.1,82.4,49.0,70.6,9.5,5.3,1
Real Madrid,Isco,2,91,4,Back,49.0,70.3,37.4,63.6,13.0,3.5,1
Real Madrid,Sergio Ramos,2,91,5,Back,37.4,63.6,43.9,83.0,14.9,1.1,1
Real Madrid,Toni Kroos,2,91,12,Center,51.4,64.1,58.7,32.4,22.9,5.1,1
Real Madrid,Casemiro,2,91,14,Right,58.9,29.5,65.4,3.1,19.2,5.1,1
Real Madrid,Daniel Carvajal,2,91,17,Center,66.5,17.3,63.4,24.9,6.1,2.1,1
Real Madrid,Casemiro,2,91,19,Center,63.4,25.2,84.7,65.4,35.3,0.9,0
Leganés,Rubén Pérez,2,91,24,Back,24.0,51.0,45.9,52.1,23.0,0.0,1
Real Madrid,Toni Kroos,2,91,30,Back,52.5,66.0,36.3,68.8,17.1,3.0,1
Real Madrid,Sergio Ramos,2,91,35,Back,42.8,67.5,44.3,53.7,9.5,4.9,1
Real Madrid,Casemiro,2,91,37,Back,44.3,53.7,43.8,64.9,7.6,1.6,1
Real Madrid,Sergio Ramos,2,91,38,Back,43.8,64.9,45.6,62.4,2.5,5.6,1
Real Madrid,Casemiro,2,91,41,Center,53.3,67.3,62.4,67.3,9.6,0,0
Leganés,Mikel Vesga,2,91,46,Left,39.3,34.3,65.7,98.3,51.6,1.0,1
Real Madrid,Dani Ceballos,2,91,57,Back,37.8,34.0,33.8,59.6,17.9,1.8,1
Real Madrid,Toni Kroos,2,92,0,Left,40.4,62.1,59.9,96.0,30.8,0.8,1
Real Madrid,Karim Benzema,2,92,7,Right,73.3,79.7,81.1,7.9,49.5,4.9,1
Real Madrid,Lucas Vázquez,2,92,13,Center,87.5,25.6,90.3,45.8,14.0,1.4,1
Leganés,Iván Cuéllar,2,92,20,Center,10.3,52.5,62.4,74.8,56.8,0.3,1
Leganés,Guido Carrillo,2,92,23,Left,62.7,73.2,55.8,85.3,11.0,2.3,1
Leganés,Jonathan Silva,2,92,42,Left,61.7,100.0,69.7,92.6,10.6,5.6,1
Leganés,Diego Rolan,2,92,43,Left,70.2,92.3,64.2,97.8,7.3,2.6,1
Leganés,Jonathan Silva,2,92,44,Left,64.6,97.8,67.5,89.1,6.7,5.2,1
Leganés,Diego Rolan,2,92,47,Left,69.4,92.0,95.5,96.8,27.6,0.1,1
Leganés,Jonathan Silva,2,92,49,Center,95.5,96.5,91.3,51.6,30.8,4.6,1
Real Madrid,Thibaut Courtois,2,93,6,Back,4.1,52.8,14.8,6.2,33.6,5.1,1
Real Madrid,Raphael Varane,2,93,9,Back,19.8,18.0,12.9,63.9,32.0,1.8,1
Real Madrid,Sergio Ramos,2,93,13,Back,15.0,66.1,23.1,90.8,18.8,1.1,1
Real Madrid,Marcelo,2,93,15,Back,23.2,88.1,18.7,67.0,15.1,4.4,1
Real Madrid,Sergio Ramos,2,93,18,Back,19.4,65.1,20.5,20.6,30.3,4.8,1
Real Madrid,Raphael Varane,2,93,21,Back,20.7,19.1,34.6,1.6,18.8,5.6,1
Real Madrid,Daniel Carvajal,2,93,24,Back,37.2,2.3,41.2,2.0,4.2,6.2,1
Real Madrid,Lucas Vázquez,2,93,25,Back,41.2,2.0,32.9,17.1,13.5,2.3,1
Real Madrid,Daniel Carvajal,2,93,27,Back,32.9,17.1,29.9,38.6,15.0,1.8,1
Real Madrid,Sergio Ramos,2,93,31,Left,35.4,40.1,54.9,87.1,38.0,1.0,1
Real Madrid,Isco,2,93,33,Center,54.6,87.0,54.6,74.4,8.6,4.7,1
Real Madrid,Dani Ceballos,2,93,34,Left,56.0,73.8,73.5,95.0,23.4,0.7,1
Real Madrid,Marcelo,2,93,39,Center,92.5,83.7,92.7,47.8,24.4,4.7,0
Real Madrid,Daniel Carvajal,2,93,52,Right,70.8,0.0,63.1,4.1,9.1,2.7,1
Real Madrid,Casemiro,2,93,53,Right,61.4,8.3,69.5,8.5,8.5,0.0,1
Real Madrid,Daniel Carvajal,2,93,55,Center,69.7,8.6,94.4,24.6,28.1,0.4,1
Real Madrid,Isco,2,93,58,Center,94.9,26.6,92.9,49.7,15.8,1.7,0
Real Madrid,Lucas Vázquez,2,94,4,Center,77.4,30.4,74.9,54.8,16.8,1.7,1
Real Madrid,Dani Ceballos,2,94,8,Right,73.7,46.7,87.8,17.7,24.7,5.4,1
Real Madrid,Isco,2,94,11,Left,88.4,17.7,95.7,91.7,50.9,1.4,1
